gesture_id,timestamp,x0,x1,x2,x3,x4,x5,x6,x7,x8,x9,x10,x11,x12,x13,x14,x15,x16,x17,x18,x19,x20,y0,y1,y2,y3,y4,y5,y6,y7,y8,y9,y10,y11,y12,y13,y14,y15,y16,y17,y18,y19,y20,z0,z1,z2,z3,z4,z5,z6,z7,z8,z9,z10,z11,z12,z13,z14,z15,z16,z17,z18,z19,z20
1,1741994438.6383295,4.317128658294678,5.233785152435303,6.343366622924805,7.308249473571777,8.191783905029297,6.238034725189209,6.503695964813232,6.672914505004883,6.660449981689453,5.266059875488281,4.981026649475098,4.801922798156738,5.1407551765441895,4.40944766998291,4.06695556640625,4.14146089553833,4.525635242462158,3.6782517433166504,3.424039602279663,3.6259446144104004,3.8611228466033936,10.627317428588867,10.152937889099121,9.63877010345459,9.091812133789062,8.722579956054688,8.325671195983887,7.106740474700928,6.374663829803467,5.651238441467285,8.122770309448242,7.336197376251221,8.282502174377441,8.892950057983398,8.158376693725586,7.482948303222656,8.438779830932617,8.937487602233887,8.336796760559082,7.712974548339844,8.415579795837402,8.817267417907715,0.03825608268380165,0.03719495236873627,0.037611767649650574,0.03832996264100075,0.03905033320188522,0.03932926431298256,0.03978222981095314,0.040312759578228,0.04045799747109413,0.03855454549193382,0.037627212703228,0.03683723136782646,0.03788730129599571,0.038135379552841187,0.03682699054479599,0.03651811182498932,0.037520162761211395,0.03805604204535484,0.03703860938549042,0.036840762943029404,0.03732278570532799
1,1741994438.7492795,4.317465305328369,5.1829071044921875,6.334311485290527,7.196586608886719,8.285029411315918,6.276412487030029,6.582850933074951,6.651325225830078,6.789841175079346,5.297296524047852,4.967055320739746,4.763397216796875,5.004443645477295,4.3975114822387695,4.0551228523254395,4.107864856719971,4.478007793426514,3.6474239826202393,3.4346601963043213,3.5651984214782715,3.7883048057556152,10.665568351745605,10.042693138122559,9.647538185119629,9.024985313415527,8.801506042480469,8.399090766906738,7.1725335121154785,6.380566596984863,5.744870185852051,8.193793296813965,7.3412628173828125,8.25408935546875,8.786284446716309,8.162739753723145,7.487411975860596,8.407750129699707,8.87050724029541,8.36227035522461,7.745105266571045,8.37057113647461,8.77296257019043,0.03825809061527252,0.03684072569012642,0.0375661738216877,0.03795190528035164,0.03932011500000954,0.039593614637851715,0.040049128234386444,0.04020814970135689,0.04104302078485489,0.038810428231954575,0.037546057254076004,0.03653652220964432,0.037166692316532135,0.03805800899863243,0.03674845024943352,0.03621624410152435,0.03713925927877426,0.038102779537439346,0.03711916133761406,0.03656451776623726,0.03697209805250168
1,1741994438.887758,4.35833740234375,5.319469928741455,6.392961025238037,7.308249473571777,8.176643371582031,6.180414199829102,6.538656234741211,6.705793857574463,6.712145805358887,5.254806995391846,5.007208347320557,4.881993770599365,5.1405558586120605,4.355823993682861,4.066669940948486,4.181461334228516,4.525683879852295,3.55436372756958,3.4132843017578125,3.5958025455474854,3.7885982990264893,10.673027038574219,10.281632423400879,9.67212200164795,9.091812133789062,8.730016708374023,8.325620651245117,7.16737174987793,6.428640365600586,5.730350971221924,8.187429428100586,7.397521018981934,8.390386581420898,8.929603576660156,8.192435264587402,7.5181779861450195,8.481697082519531,8.974105834960938,8.328302383422852,7.752352714538574,8.383190155029297,8.809408187866211,0.03828010335564613,0.0375361368060112,0.03767237439751625,0.03832996264100075,0.03898921236395836,0.039232440292835236,0.04002521559596062,0.040545567870140076,0.04078361392021179,0.038784876465797424,0.03785644844174385,0.03716840595006943,0.03788560628890991,0.038028325885534286,0.03682493790984154,0.03654595464468002,0.037520069628953934,0.03757987171411514,0.03695729747414589,0.03652767464518547,0.0369739755988121
1,1741994439.0102334,4.266648292541504,5.240968227386475,6.291586875915527,7.196586608886719,8.055407524108887,6.165952682495117,6.519876480102539,6.585544109344482,6.590091228485107,5.254806995391846,4.925682544708252,4.801985263824463,5.099377155303955,4.355823993682861,3.9827053546905518,4.117183685302734,4.525683879852295,3.55436372756958,3.324833393096924,3.5383310317993164,3.7885982990264893,10.551395416259766,10.217175483703613,9.599080085754395,9.024985313415527,8.667308807373047,8.331352233886719,7.172939300537109,6.381799697875977,5.691246032714844,8.187429428100586,7.335101127624512,8.31828784942627,8.923065185546875,8.192435264587402,7.458440780639648,8.437262535095215,8.974105834960938,8.328302383422852,7.690914630889893,8.385390281677246,8.809408187866211,0.03782635182142258,0.03723593428730965,0.037302155047655106,0.03795190528035164,0.03860431909561157,0.03915812820196152,0.039932239800691605,0.04007944464683533,0.04030760005116463,0.038784876465797424,0.03751863166689873,0.03683692216873169,0.03786246478557587,0.038028325885534286,0.03641681745648384,0.03627752512693405,0.037520069628953934,0.03757987171411514,0.03645458072423935,0.03636565059423447,0.0369739755988121
1,1741994439.1333323,4.243889331817627,5.190451622009277,6.260067462921143,7.166826248168945,7.949651718139648,6.359886169433594,6.53776216506958,6.605401515960693,6.590091228485107,5.2363715171813965,4.938701152801514,4.723443508148193,5.140369892120361,4.459106922149658,3.939923048019409,4.098938465118408,4.535181522369385,3.57446026802063,3.3249263763427734,3.509493589401245,3.8617656230926514,10.666886329650879,10.14286994934082,9.621079444885254,9.048606872558594,8.634466171264648,8.534361839294434,7.205416679382324,6.4136528968811035,5.691246032714844,8.185482025146484,7.401780605316162,8.28289794921875,8.966277122497559,8.295980453491211,7.441488742828369,8.448981285095215,9.004719734191895,8.357090950012207,7.726327419281006,8.353927612304688,8.89097785949707,0.037929583340883255,0.03688274323940277,0.037328384816646576,0.03798581659793854,0.03827919438481331,0.040088191628456116,0.04001997783780098,0.0401756577193737,0.04030760005116463,0.03859999030828476,0.037593718618154526,0.036510925740003586,0.03788398206233978,0.038546085357666016,0.03604606166481972,0.036156438291072845,0.03758023679256439,0.03773093596100807,0.03645538166165352,0.03606204316020012,0.037326913326978683
1,1741994439.2565777,4.243889331817627,5.197010517120361,6.361051559448242,7.219113826751709,8.146952629089355,6.232306957244873,6.5190935134887695,6.605401515960693,6.590091228485107,5.223085880279541,4.899346828460693,4.733787536621094,5.036097526550293,4.355679988861084,3.951073169708252,4.117263317108154,4.5553879737854,3.5643553733825684,3.345280885696411,3.547722816467285,3.8958823680877686,10.666886329650879,10.16966438293457,9.731123924255371,9.081867218017578,8.792193412780762,8.46958065032959,7.2109761238098145,6.4136528968811035,5.691246032714844,8.1904296875,7.3458123207092285,8.312233924865723,8.899842262268066,8.22918701171875,7.436739444732666,8.472564697265625,9.092164039611816,8.360917091369629,7.753922462463379,8.451926231384277,9.003636360168457,0.037929583340883255,0.03692103549838066,0.037697404623031616,0.03804999217391014,0.03902334347367287,0.03956575691699982,0.039927516132593155,0.0401756577193737,0.04030760005116463,0.03852377459406853,0.03728742524981499,0.03657230734825134,0.03742072731256485,0.03802720084786415,0.036120399832725525,0.0362776517868042,0.03778748959302902,0.037655215710401535,0.03661133348941803,0.036435067653656006,0.0376606285572052
1,1741994439.3737304,4.2382707595825195,5.190451622009277,6.352208614349365,7.219113826751709,8.095376014709473,6.207854747772217,6.483081340789795,6.625347137451172,6.590091228485107,5.23590612411499,4.899346828460693,4.733787536621094,5.0460591316223145,4.33012580871582,4.022388935089111,4.15125846862793,4.5649895668029785,3.5643553733825684,3.3350791931152344,3.547722816467285,3.9051389694213867,10.638683319091797,10.14286994934082,9.703278541564941,9.081867218017578,8.754430770874023,8.427438735961914,7.187593460083008,6.445685863494873,5.691246032714844,8.222460746765137,7.3458123207092285,8.312233924865723,8.929762840270996,8.194148063659668,7.500208377838135,8.540107727050781,9.123191833496094,8.360917091369629,7.722393989562988,8.451926231384277,9.035579681396484,0.037889495491981506,0.03688274323940277,0.037654101848602295,0.03804999217391014,0.03876282647252083,0.03937062248587608,0.039679113775491714,0.0402720645070076,0.04030760005116463,0.038596875965595245,0.03728742524981499,0.03657230734825134,0.037478502839803696,0.03777267411351204,0.03644481301307678,0.03658191114664078,0.037848711013793945,0.037655215710401535,0.036533188074827194,0.036435067653656006,0.03772716596722603
1,1741994439.4998815,4.238610744476318,5.223458290100098,6.291487693786621,7.219113826751709,8.067444801330566,6.236843585968018,6.483081340789795,6.550899982452393,6.588345050811768,5.179388999938965,4.8474016189575195,4.715385437011719,5.096962928771973,4.282809734344482,3.909470558166504,4.065913677215576,4.544610977172852,3.5336263179779053,3.298006296157837,3.518376111984253,3.773937702178955,10.6765775680542,10.122442245483398,9.635372161865234,9.081867218017578,8.732873916625977,8.40101146697998,7.187593460083008,6.403623104095459,5.728971481323242,8.124882698059082,7.296116828918457,8.232441902160645,8.929903984069824,8.09678840637207,7.35184907913208,8.383256912231445,9.035327911376953,8.3275146484375,7.665858745574951,8.384163856506348,8.798048973083496,0.037891533225774765,0.036862846463918686,0.03730061650276184,0.03804999217391014,0.03865094110369682,0.03932168334722519,0.039679113775491714,0.0398370623588562,0.040298350155353546,0.03819611668586731,0.036909375339746475,0.036180563271045685,0.037560343742370605,0.037378448992967606,0.03575979918241501,0.03586048632860184,0.03763987123966217,0.03732382878661156,0.036151234060525894,0.03612768277525902,0.03678063303232193
1,1741994439.630208,4.243889331817627,5.22390604019165,6.3925981521606445,7.230314254760742,8.174034118652344,6.222361087799072,6.526886463165283,6.552276134490967,6.566924095153809,5.252070426940918,4.8474016189575195,4.696002006530762,5.004152774810791,4.397186279296875,3.8985161781311035,4.108177185058594,4.516417980194092,3.6265223026275635,3.298006296157837,3.518376111984253,3.789227247238159,10.666886329650879,10.159132957458496,9.745309829711914,9.110349655151367,8.803874015808105,8.406708717346191,7.192762851715088,6.366145610809326,5.697926044464111,8.201849937438965,7.296116828918457,8.24848747253418,8.858211517333984,8.236251831054688,7.356747150421143,8.478434562683105,9.016883850097656,8.443535804748535,7.665858745574951,8.384163856506348,8.882397651672363,0.037929583340883255,0.036864396184682846,0.037668563425540924,0.03809857740998268,0.038976382464170456,0.03924780339002609,0.03970279544591904,0.03984454274177551,0.04019462317228317,0.03847350552678108,0.036909375339746475,0.03627609461545944,0.03716382756829262,0.038055501878261566,0.03568682074546814,0.03621739521622658,0.0374603345990181,0.037947237491607666,0.036151234060525894,0.03612768277525902,0.036978013813495636
1,1741994439.787634,4.329588413238525,5.14109468460083,6.291400909423828,7.160816669464111,8.067444801330566,6.25083065032959,6.47376012802124,6.498730659484863,6.5153279304504395,5.278121471405029,4.809691429138184,4.735649585723877,5.096962928771973,4.371603012084961,3.968456506729126,4.108177185058594,4.525746822357178,3.615147829055786,3.298006296157837,3.518376111984253,3.8378946781158447,10.799306869506836,10.070329666137695,9.671682357788086,9.04841136932373,8.732873916625977,8.433099746704102,7.137929439544678,6.356644630432129,5.657510757446289,8.228779792785645,7.242297649383545,8.290156364440918,8.929903984069824,8.164804458618164,7.418624401092529,8.478434562683105,9.010751724243164,8.401335716247559,7.665858745574951,8.384163856506348,8.884574890136719,0.038343384861946106,0.03653743118047714,0.037299130111932755,0.03774036467075348,0.03865094110369682,0.039392080157995224,0.03937339782714844,0.03951196372509003,0.0398692712187767,0.03862188011407852,0.036615725606679916,0.036299929022789,0.037560343742370605,0.0378025658428669,0.03600291162729263,0.03621739521622658,0.03752005845308304,0.03776070475578308,0.036151234060525894,0.03612768277525902,0.0370677150785923
1,1741994439.921056,4.329588413238525,5.14109468460083,6.291400909423828,7.160816669464111,8.067444801330566,6.236271381378174,6.455678939819336,6.648609638214111,6.588761806488037,5.19196081161499,4.888096809387207,4.735649585723877,5.054572105407715,4.282809734344482,3.9796292781829834,4.117263317108154,4.487401008605957,3.5336263179779053,3.3748419284820557,3.527034282684326,3.7654740810394287,10.799306869506836,10.070329666137695,9.671682357788086,9.04841136932373,8.732873916625977,8.438704490661621,7.143660545349121,6.456305027008057,5.709140777587891,8.156427383422852,7.30224084854126,8.290156364440918,8.858262062072754,8.09678840637207,7.413781642913818,8.472564697265625,8.936893463134766,8.3275146484375,7.730047225952148,8.379020690917969,8.803635597229004,0.038343384861946106,0.03653743118047714,0.037299130111932755,0.03774036467075348,0.03865094110369682,0.03931800648570061,0.03928474336862564,0.04019337520003319,0.040109459310770035,0.038267582654953,0.036936353892087936,0.036299929022789,0.037244539707899094,0.037378448992967606,0.0360771007835865,0.0362776517868042,0.037198279052972794,0.03732382878661156,0.03656570613384247,0.036191679537296295,0.036719903349876404
1,1741994440.0738323,4.323934078216553,5.217238903045654,6.374893665313721,7.259335994720459,8.187515258789062,6.265258312225342,6.5522918701171875,6.693169116973877,6.708164691925049,5.208232879638672,4.888096809387207,4.72553014755249,5.0543365478515625,4.323622703552246,3.9378366470336914,4.147508144378662,4.478222370147705,3.5742039680480957,3.40429949760437,3.578200578689575,3.8378946781158447,10.770793914794922,10.132302284240723,9.726463317871094,9.122926712036133,8.833259582519531,8.412378311157227,7.203587055206299,6.4610819816589355,5.786067962646484,8.136364936828613,7.30224084854126,8.226180076599121,8.894206047058105,8.103769302368164,7.329355716705322,8.45029067993164,8.943103790283203,8.299156188964844,7.70621395111084,8.429049491882324,8.884574890136719,0.03830324858427048,0.036825526505708694,0.03758081793785095,0.038060229271650314,0.03902976214885712,0.03926937282085419,0.03963620215654373,0.040218204259872437,0.04057049751281738,0.03814713656902313,0.036936353892087936,0.036241061985492706,0.03724262863397598,0.03740643709897995,0.035717714577913284,0.036243684589862823,0.037139683961868286,0.03735516965389252,0.03651983663439751,0.03639788180589676,0.0370677150785923
1,1741994440.2057247,4.488852500915527,5.308213710784912,6.486693859100342,7.259335994720459,8.10776138305664,6.279208183288574,6.5522918701171875,6.672024250030518,6.684939384460449,5.26487922668457,4.9678955078125,4.904116153717041,5.171031951904297,4.348597526550293,4.051050186157227,4.240417957305908,4.557279109954834,3.5950803756713867,3.4043827056884766,3.6177823543548584,3.893847703933716,10.984875679016113,10.249542236328125,9.829289436340332,9.122926712036133,8.773652076721191,8.444358825683594,7.203587055206299,6.467062950134277,5.792797088623047,8.233786582946777,7.363250732421875,8.391030311584473,9.015861511230469,8.173994064331055,7.476829528808594,8.548785209655762,9.060746192932129,8.409239768981934,7.74167537689209,8.436859130859375,8.941245079040527,0.039073117077350616,0.03719726577401161,0.03799988329410553,0.038060229271650314,0.038657888770103455,0.039339397102594376,0.03963620215654373,0.040115877985954285,0.04045765474438667,0.038546301424503326,0.037262674421072006,0.03701194003224373,0.03784538060426712,0.037653468549251556,0.03640010580420494,0.036697108298540115,0.0374860018491745,0.03761109337210655,0.03652051091194153,0.036427710205316544,0.037294767796993256
1,1741994440.3345547,4.400038719177246,5.2301201820373535,6.3925981521606445,7.259335994720459,8.214648246765137,6.347217082977295,6.64219331741333,6.593710422515869,6.684939384460449,5.320363521575928,4.967503547668457,4.803548336029053,5.137803554534912,4.4387288093566895,4.050897598266602,4.156877517700195,4.5759453773498535,3.6358819007873535,3.453462600708008,3.5663328170776367,3.8780808448791504,10.886462211608887,10.149279594421387,9.745309829711914,9.122926712036133,8.844964981079102,8.545998573303223,7.324576377868652,6.4459004402160645,5.792797088623047,8.235066413879395,7.3988237380981445,8.367112159729004,8.936399459838867,8.24328327178955,7.511780261993408,8.515105247497559,9.048391342163086,8.380454063415527,7.831594467163086,8.386765480041504,8.892297744750977,0.03864483907818794,0.0369015671312809,0.037668563425540924,0.038060229271650314,0.038983117789030075,0.03975209593772888,0.04014354199171066,0.039854492992162704,0.04045765474438667,0.03864671289920807,0.03725985437631607,0.03656018152832985,0.03758309409022331,0.03808363527059555,0.03639882057905197,0.036304522305727005,0.03760465234518051,0.03764178231358528,0.036989856511354446,0.03622119501233101,0.03709571063518524
1,1741994440.45753,4.359363555908203,5.236690521240234,6.348960876464844,7.259335994720459,8.149365425109863,6.279208183288574,6.569774627685547,6.593710422515869,6.654812335968018,5.307061195373535,4.967503547668457,4.803548336029053,5.127628803253174,4.4387288093566895,4.050897598266602,4.156877517700195,4.5759453773498535,3.6358819007873535,3.4429469108581543,3.5576272010803223,3.9117038249969482,10.78792953491211,10.176050186157227,9.695587158203125,9.122926712036133,8.77781867980957,8.444358825683594,7.235618591308594,6.4459004402160645,5.7444539070129395,8.240099906921387,7.3988237380981445,8.367112159729004,8.942839622497559,8.24328327178955,7.511780261993408,8.515105247497559,9.048391342163086,8.380454063415527,7.799577713012695,8.39194107055664,8.96706771850586,0.03828614577651024,0.036939702928066254,0.037401068955659866,0.038060229271650314,0.03867105767130852,0.039339397102594376,0.03972089663147926,0.039854492992162704,0.04023845121264458,0.03857123851776123,0.03725985437631607,0.03656018152832985,0.03752433881163597,0.03808363527059555,0.03639882057905197,0.036304522305727005,0.03760465234518051,0.03764178231358528,0.036910250782966614,0.03615730628371239,0.03742219880223274
1,1741994440.578934,4.319553375244141,5.321572303771973,6.4956464767456055,7.259335994720459,8.22803783416748,6.2264604568481445,6.569774627685547,6.637897491455078,6.751713752746582,5.262629985809326,4.95466423034668,4.824120998382568,5.13759183883667,4.401231288909912,4.030017375946045,4.123178958892822,4.527837753295898,3.625847578048706,3.414677619934082,3.566488742828369,3.8780808448791504,10.691494941711426,10.303746223449707,9.857433319091797,9.122926712036133,8.874299049377441,8.376618385314941,7.235618591308594,6.4506707191467285,5.828614234924316,8.174099922180176,7.368287563323975,8.390209197998047,8.972732543945312,8.176339149475098,7.4849748611450195,8.44845199584961,8.980231285095215,8.384525299072266,7.773133277893066,8.422163009643555,8.892297744750977,0.03793508559465408,0.03727470710873604,0.038043420761823654,0.038060229271650314,0.03903593495488167,0.03900473564863205,0.03972089663147926,0.03987913951277733,0.04058811068534851,0.038243141025304794,0.03711046278476715,0.03668145090341568,0.037581317126750946,0.03775571286678314,0.03617721050977707,0.03600572422146797,0.037222981452941895,0.03756724298000336,0.0365983285009861,0.03622221574187279,0.03709571063518524
1,1741994440.6993701,4.405929088592529,5.361577033996582,6.4329657554626465,7.299528121948242,8.148038864135742,6.22584342956543,6.55146598815918,6.617166519165039,6.730010032653809,5.262212753295898,4.95408296585083,4.757408142089844,5.09437894821167,4.412303447723389,4.007859230041504,4.20562219619751,4.6073899269104,3.645820140838623,3.404482364654541,3.5971481800079346,3.87856388092041,10.823806762695312,10.310047149658203,9.787313461303711,9.163962364196777,8.814404487609863,8.413941383361816,7.2412943840026855,6.456689357757568,5.797244548797607,8.210765838623047,7.403512001037598,8.290718078613281,8.972650527954102,8.244529724121094,7.4600830078125,8.551715850830078,9.09829044342041,8.449599266052246,7.777168273925781,8.435153007507324,8.96533203125,0.038347695022821426,0.03729292005300522,0.03768273815512657,0.038070209324359894,0.03866457939147949,0.039000846445560455,0.03963129222393036,0.039779067039489746,0.040483973920345306,0.038240253925323486,0.03710664063692093,0.03614836186170578,0.0372614823281765,0.0378265455365181,0.03603140637278557,0.036390651017427444,0.03756987303495407,0.03771588206291199,0.036521296948194504,0.036188215017318726,0.03709869459271431
1,1741994440.8164065,4.411525249481201,5.321873664855957,6.441640377044678,7.299528121948242,8.055405616760254,6.239408016204834,6.586288928985596,6.735054969787598,6.77354621887207,5.274703025817871,4.95408296585083,4.83436393737793,5.147209167480469,4.412303447723389,4.029778480529785,4.20562219619751,4.616711139678955,3.645820140838623,3.414717674255371,3.627194881439209,3.943826913833618,10.852161407470703,10.340694427490234,9.814994812011719,9.163962364196777,8.772503852844238,8.4454984664917,7.305529594421387,6.541683673858643,5.860188007354736,8.242254257202148,7.403512001037598,8.419551849365234,9.03894329071045,8.244529724121094,7.519593715667725,8.551715850830078,9.128739356994629,8.449599266052246,7.808627128601074,8.503406524658203,9.017378807067871,0.03838694840669632,0.0372755229473114,0.03772487863898277,0.038070209324359894,0.03839535638689995,0.03906862810254097,0.03979984670877457,0.040228258818387985,0.040692612528800964,0.038310494273900986,0.03710664063692093,0.03674129769206047,0.0376356802880764,0.0378265455365181,0.03617539256811142,0.036390651017427444,0.03762831538915634,0.03771588206291199,0.03659871965646744,0.036496274173259735,0.03738994523882866
1,1741994440.9427094,4.452827453613281,5.276904582977295,6.4327921867370605,7.299528121948242,8.16107177734375,6.2252421379089355,6.586288928985596,6.735054969787598,6.77354621887207,5.274703025817871,4.9407525062561035,4.785338401794434,5.147209167480469,4.4008636474609375,4.058429718017578,4.196521759033203,4.6074700355529785,3.655717372894287,3.4832816123962402,3.588554620742798,3.86979079246521,10.951641082763672,10.255485534667969,9.823943138122559,9.163962364196777,8.84330940246582,8.451279640197754,7.305529594421387,6.541683673858643,5.860188007354736,8.242254257202148,7.408727645874023,8.360703468322754,9.03894329071045,8.249181747436523,7.496635437011719,8.557663917541504,9.135030746459961,8.482165336608887,7.8790130615234375,8.440495491027832,8.934514045715332,0.038747698068618774,0.03695937246084213,0.037680864334106445,0.038070209324359894,0.0387159064412117,0.03899703174829483,0.03979984670877457,0.040228258818387985,0.040692612528800964,0.038310494273900986,0.03703014925122261,0.036382079124450684,0.0376356802880764,0.03775288909673691,0.03613274544477463,0.036331165581941605,0.03756992518901825,0.037789370864629745,0.03694384545087814,0.03612532839179039,0.03703637421131134
1,1741994441.1485534,4.442028045654297,5.315332412719727,6.3399834632873535,7.199851989746094,8.146724700927734,6.33476448059082,6.666769981384277,6.635186195373535,6.750125408172607,5.274703025817871,4.980142593383789,4.8934478759765625,5.222043991088867,4.503183364868164,4.0793867111206055,4.187517166137695,4.616711139678955,3.655717372894287,3.404728889465332,3.618826150894165,3.952821731567383,10.9714994430542,10.31370735168457,9.740724563598633,9.125102043151855,8.850997924804688,8.557442665100098,7.3733625411987305,6.525742053985596,5.866740703582764,8.242254257202148,7.464791774749756,8.504652976989746,9.126225471496582,8.351707458496094,7.558489799499512,8.563703536987305,9.128739356994629,8.482165336608887,7.8482489585876465,8.544607162475586,9.048683166503906,0.03867090493440628,0.037237558513879776,0.037355344742536545,0.03774574026465416,0.038658156991004944,0.039421841502189636,0.040070123970508575,0.039864446967840195,0.04057964310050011,0.038310494273900986,0.037331704050302505,0.0369470939040184,0.03792315721511841,0.038257524371147156,0.03635265678167343,0.03627210110425949,0.03762831538915634,0.037789370864629745,0.03652321174740791,0.03643454983830452,0.03745357692241669
1,1741994441.6344705,4.309619903564453,5.276649475097656,6.339634418487549,7.158326148986816,8.011297225952148,6.2775349617004395,6.621793270111084,6.623974800109863,6.6052350997924805,5.219629287719727,4.925424575805664,4.735550403594971,5.04412841796875,4.449665546417236,4.021653175354004,4.092932224273682,4.528069496154785,3.5737576484680176,3.385071039199829,3.5363330841064453,3.80617618560791,10.749446868896484,10.418591499328613,9.813298225402832,9.156320571899414,8.840743064880371,8.557559967041016,7.406318187713623,6.5758514404296875,5.853165149688721,8.27783203125,7.499452114105225,8.395544052124023,9.008890151977539,8.386046409606934,7.640082836151123,8.540241241455078,9.125611305236816,8.443805694580078,7.903507232666016,8.550898551940918,8.955876350402832,0.03786321356892586,0.03722356632351875,0.037351593375205994,0.03772628679871559,0.03836867958307266,0.03932857885956764,0.04004199057817459,0.040071070194244385,0.0401865653693676,0.038210127502679825,0.03722523897886276,0.036297380924224854,0.03718159720301628,0.03815345838665962,0.03643900528550148,0.03603718429803848,0.037222664803266525,0.03735285624861717,0.03664407506585121,0.036259911954402924,0.03675341233611107
1,1741994441.7490153,4.4424285888671875,5.362419605255127,6.392001152038574,7.256083965301514,8.118072509765625,6.263444900512695,6.523325443267822,6.644700050354004,6.6052350997924805,5.29314661026001,4.912185192108154,4.735547065734863,5.044044494628906,4.438226699829102,4.072550296783447,4.157358646392822,4.528069496154785,3.6358954906463623,3.3475406169891357,3.5589442253112793,3.870832920074463,11.010357856750488,10.512663841247559,9.891877174377441,9.268233299255371,8.87571907043457,8.563422203063965,7.343626499176025,6.569972991943359,5.853165149688721,8.356590270996094,7.4678778648376465,8.430720329284668,9.044981956481934,8.39067554473877,7.677318572998047,8.656753540039062,9.125611305236816,8.527024269104004,7.844998836517334,8.56953239440918,9.04442024230957,0.038673285394907,0.03756396844983101,0.037661537528038025,0.03804175183176994,0.038696203380823135,0.03925688937306404,0.039681967347860336,0.04017198085784912,0.0401865653693676,0.03849030286073685,0.037072982639074326,0.036296695470809937,0.03718048706650734,0.03807947412133217,0.03654054179787636,0.03630593791604042,0.037222664803266525,0.03764260932803154,0.03626111149787903,0.03616594150662422,0.037042878568172455
1,1741994441.875472,4.325841903686523,5.310204029083252,6.432476043701172,7.245335578918457,8.103893280029297,6.277009010314941,6.523325443267822,6.643439769744873,6.679863452911377,5.305658340454102,4.899096488952637,4.745388507843018,5.076901435852051,4.438226699829102,4.061561584472656,4.1661577224731445,4.566952228546143,3.667851209640503,3.375147819519043,3.5972681045532227,3.913222551345825,10.833043098449707,10.398116111755371,9.897250175476074,9.240018844604492,8.88343334197998,8.595325469970703,7.343626499176025,6.607879638671875,5.927541732788086,8.388453483581543,7.473099231719971,8.424370765686035,9.088778495788574,8.39067554473877,7.647019386291504,8.65065860748291,9.201498985290527,8.599639892578125,7.907558917999268,8.633940696716309,9.151973724365234,0.03797845542430878,0.03720448538661003,0.03767726197838783,0.03799505531787872,0.038638848811388016,0.03932512551546097,0.039681967347860336,0.040165048092603683,0.04062308743596077,0.0385611467063427,0.03699734807014465,0.03635529428720474,0.03744091838598251,0.03807947412133217,0.03646823763847351,0.036364007741212845,0.037545811384916306,0.03798035532236099,0.036568526178598404,0.03653755784034729,0.03743186593055725
1,1741994442.0022743,4.45322847366333,5.264921188354492,6.477541923522949,7.25687837600708,8.118072509765625,6.263444900512695,6.523325443267822,6.678377628326416,6.5605387687683105,5.305984973907471,4.938243389129639,4.735547065734863,5.044044494628906,4.438226699829102,3.9788756370544434,4.148425102233887,4.478996276855469,3.6778030395507812,3.375147819519043,3.58882212638855,3.839245319366455,11.02883529663086,10.27573013305664,9.949443817138672,9.231892585754395,8.87571907043457,8.563422203063965,7.343626499176025,6.625772953033447,5.848662376403809,8.351334571838379,7.529844760894775,8.430720329284668,9.044981956481934,8.39067554473877,7.586882591247559,8.627425193786621,9.125064849853516,8.632671356201172,7.907558917999268,8.63930892944336,9.067341804504395,0.0387500561773777,0.036887772381305695,0.03795093670487404,0.03804629296064377,0.038696203380823135,0.03925688937306404,0.039681967347860336,0.04040777310729027,0.04016036540269852,0.03856354206800461,0.03729921206831932,0.036296695470809937,0.03718048706650734,0.03807947412133217,0.036070697009563446,0.03624728322029114,0.03714214637875557,0.038054801523685455,0.036568526178598404,0.0364750474691391,0.037076279520988464
1,1741994442.1191242,4.330861568450928,5.231616497039795,6.331362724304199,7.25687837600708,8.118072509765625,6.33099365234375,6.577681064605713,6.598970413208008,6.581596374511719,5.29314661026001,4.938243389129639,4.705690860748291,5.096109390258789,4.449485778808594,4.010601997375488,4.1177239418029785,4.606801986694336,3.7106406688690186,3.403303861618042,3.5972681045532227,3.9477579593658447,10.822894096374512,10.29588508605957,9.786150932312012,9.231892585754395,8.87571907043457,8.666043281555176,7.4010910987854,6.60300350189209,5.879909038543701,8.356590270996094,7.529844760894775,8.41775131225586,9.111742973327637,8.4229154586792,7.644865036010742,8.61405086517334,9.316161155700684,8.707382202148438,7.971370220184326,8.633940696716309,9.230423927307129,0.038014352321624756,0.03690628707408905,0.03731106221675873,0.03804629296064377,0.038696203380823135,0.03966736048460007,0.04001867026090622,0.040140300989151,0.040262460708618164,0.03849030286073685,0.03729921206831932,0.03633090853691101,0.037552595138549805,0.03815210983157158,0.03636535629630089,0.03627902641892433,0.037876196205616,0.03840150311589241,0.036882080137729645,0.03653755784034729,0.0377667061984539
1,1741994442.2397916,4.371191024780273,5.182165622711182,6.331300258636475,7.1469926834106445,8.049556732177734,6.31715726852417,6.577681064605713,6.545614242553711,6.538151264190674,5.338396072387695,4.938243389129639,4.668271541595459,5.096109390258789,4.438139915466309,4.083117485046387,4.148425102233887,4.566952228546143,3.6144676208496094,3.4134581089019775,3.58882212638855,3.913222551345825,10.95931625366211,10.222219467163086,9.822524070739746,9.164461135864258,8.850419998168945,8.633649826049805,7.4010910987854,6.553613662719727,5.855259418487549,8.425029754638672,7.529844760894775,8.353358268737793,9.111742973327637,8.427587509155273,7.710981845855713,8.627425193786621,9.201498985290527,8.584162712097168,8.003395080566406,8.63930892944336,9.151973724365234,0.038369037210941315,0.03656216710805893,0.037309680134058,0.03767584636807442,0.03857474401593208,0.03959756717085838,0.04001867026090622,0.039808161556720734,0.040050700306892395,0.038824331015348434,0.03729921206831932,0.03603806719183922,0.037552595138549805,0.0380786657333374,0.03669522702693939,0.03624728322029114,0.037545811384916306,0.03775721788406372,0.03695980831980705,0.0364750474691391,0.03743186593055725
1,1741994442.358778,4.366180419921875,5.182165622711182,6.339634418487549,7.168908596038818,7.998757839202881,6.23414421081543,6.522483825683594,6.643439769744873,6.656857013702393,5.219273567199707,4.951049327850342,4.745388507843018,5.086472988128662,4.359289646148682,3.9680984020233154,4.148425102233887,4.558047771453857,3.5951831340789795,3.3831183910369873,3.58882212638855,3.839245319366455,10.969593048095703,10.222219467163086,9.813298225402832,9.184234619140625,8.812260627746582,8.589641571044922,7.381375789642334,6.607879638671875,5.933958530426025,8.314543724060059,7.560323715209961,8.424370765686035,9.118477821350098,8.351560592651367,7.59183931350708,8.627425193786621,9.208008766174316,8.555858612060547,7.943435192108154,8.63930892944336,9.067341804504395,0.03833300992846489,0.03656216710805893,0.037351593375205994,0.037772223353385925,0.038318924605846405,0.03930407389998436,0.03967698663473129,0.040165048092603683,0.04051092267036438,0.03820757195353508,0.037372950464487076,0.03635529428720474,0.03749633580446243,0.037721775472164154,0.0359988808631897,0.03624728322029114,0.037488847970962524,0.03761264309287071,0.03672720119357109,0.0364750474691391,0.037076279520988464
1,1741994442.4771633,4.285383224487305,5.142886638641357,6.392001152038574,7.168908596038818,8.012687683105469,6.195451736450195,6.443450450897217,6.598970413208008,6.581596374511719,5.231906414031982,4.951049327850342,4.763968467712402,5.105865955352783,4.370607376098633,3.999661684036255,4.109210014343262,4.49653434753418,3.614574670791626,3.393310308456421,3.549272060394287,3.8810923099517822,10.825651168823242,10.215810775756836,9.891877174377441,9.184234619140625,8.804527282714844,8.51450252532959,7.313833236694336,6.60300350189209,5.879909038543701,8.309300422668457,7.560323715209961,8.502700805664062,9.105118751525879,8.31036376953125,7.64973258972168,8.655647277832031,9.112061500549316,8.547540664672852,7.975378513336182,8.631401062011719,9.138362884521484,0.03795727342367172,0.03654365614056587,0.037661537528038025,0.037772223353385925,0.03837540000677109,0.039039246737957,0.03941042721271515,0.040140300989151,0.040262460708618164,0.038279663771390915,0.037372950464487076,0.03653499111533165,0.037609342485666275,0.03779545798897743,0.03629221394658089,0.03622181713581085,0.03725452721118927,0.037757713347673416,0.036805495619773865,0.036445628851652145,0.0374644510447979
1,1741994442.603587,4.355406761169434,5.3559160232543945,6.486169338226318,7.3268561363220215,8.183368682861328,6.31715726852417,6.577681064605713,6.598970413208008,6.634729862213135,5.251061916351318,4.938243389129639,4.773846626281738,5.127199172973633,4.348328590393066,3.999661684036255,4.183030128479004,4.558047771453857,3.595135450363159,3.36531138420105,3.5197243690490723,3.839245319366455,10.913299560546875,10.485441207885742,9.977354049682617,9.332724571228027,8.943982124328613,8.633649826049805,7.4010910987854,6.60300350189209,5.923009872436523,8.350212097167969,7.529844760894775,8.496317863464355,9.125030517578125,8.319873809814453,7.64973258972168,8.73235034942627,9.208008766174316,8.519158363342285,7.911684989929199,8.561674118041992,9.067341804504395,0.038256093859672546,0.037525881081819534,0.0379931777715683,0.0384051650762558,0.03900966793298721,0.03959756717085838,0.04001867026090622,0.040140300989151,0.04059690982103348,0.03846549987792969,0.03729921206831932,0.03659418597817421,0.037518735975027084,0.037650637328624725,0.03629221394658089,0.03655288740992546,0.037488847970962524,0.037612102925777435,0.03649342060089111,0.036136697977781296,0.037076279520988464
1,1741994442.7147582,4.3510026931762695,5.282905578613281,6.29116153717041,7.203738212585449,8.075132369995117,6.2482523918151855,6.478763103485107,6.6184515953063965,6.462881565093994,5.26353120803833,4.937858581542969,4.853283405303955,5.180641174316406,4.370397567749023,4.010540008544922,4.192070960998535,4.49653434753418,3.595135450363159,3.393310308456421,3.549272060394287,3.8810923099517822,10.9623384475708,10.445356369018555,9.817090034484863,9.271651268005371,8.90810775756836,8.583891868591309,7.376130104064941,6.6352081298828125,5.839606285095215,8.38209056854248,7.5654826164245605,8.605810165405273,9.19332218170166,8.346813201904297,7.6799211502075195,8.762104034423828,9.112061500549316,8.519158363342285,7.975378513336182,8.631401062011719,9.138362884521484,0.03822331130504608,0.037260305136442184,0.037293680012226105,0.03797634690999985,0.03867657482624054,0.03937603160738945,0.039653658866882324,0.04023461788892746,0.03979958966374397,0.03853652998805046,0.03729645162820816,0.03692173212766647,0.03789817541837692,0.03779391944408417,0.03636464476585388,0.036612480878829956,0.03725452721118927,0.037612102925777435,0.036805495619773865,0.036445628851652145,0.0374644510447979
1,1741994442.8526082,4.325384616851807,5.225795269012451,6.383535385131836,7.215127468109131,8.062358856201172,6.23414421081543,6.479587554931641,6.598970413208008,6.559000492095947,5.26353120803833,4.938243389129639,4.725818157196045,5.105865955352783,4.476620674133301,3.957428455352783,4.0673675537109375,4.487715721130371,3.6778132915496826,3.337857484817505,3.5589442253112793,3.8474667072296143,10.962204933166504,10.306146621704102,9.901087760925293,9.263484001159668,8.879240989685059,8.589641571044922,7.33839750289917,6.60300350189209,5.886358737945557,8.38209056854248,7.529844760894775,8.437166213989258,9.105118751525879,8.497956275939941,7.596879005432129,8.59392261505127,9.118513107299805,8.66978931427002,7.849238395690918,8.56953239440918,9.061464309692383,0.038311976939439774,0.036871105432510376,0.037618882954120636,0.03802718594670296,0.03862577676773071,0.03930407389998436,0.0396585687994957,0.040140300989151,0.04015207290649414,0.03853652998805046,0.03729921206831932,0.03623855486512184,0.037609342485666275,0.03841469809412956,0.03592754527926445,0.035866864025592804,0.03719812631607056,0.038055114448070526,0.03618743643164635,0.03616594150662422,0.03713538125157356
1,1741994442.9752362,4.3612446784973145,5.232014179229736,6.4453043937683105,7.215127468109131,8.062358856201172,6.2482523918151855,6.533588886260986,6.501523971557617,6.462881565093994,5.26353120803833,4.937858581542969,4.7641096115112305,5.190600395202637,4.419103622436523,4.010540008544922,4.140036582946777,4.49653434753418,3.646470308303833,3.3851029872894287,3.528223991394043,3.7828304767608643,10.979979515075684,10.332594871520996,10.009052276611328,9.263484001159668,8.879240989685059,8.583891868591309,7.395837306976318,6.548742294311523,5.839606285095215,8.38209056854248,7.5654826164245605,8.538318634033203,9.186739921569824,8.44813060760498,7.6799211502075195,8.669210433959961,9.112061500549316,8.657828330993652,7.939068794250488,8.591788291931152,8.972530364990234,0.03829730302095413,0.03690759465098381,0.03797607123851776,0.03802718594670296,0.03862577676773071,0.03937603160738945,0.039995186030864716,0.03978336974978447,0.03979958966374397,0.03853652998805046,0.03729645162820816,0.036535102874040604,0.037955909967422485,0.038196858018636703,0.03636464476585388,0.03619099035859108,0.03725452721118927,0.03809836134314537,0.036644455045461655,0.036199700087308884,0.03684387728571892
1,1741994443.096666,4.285655498504639,5.226291656494141,6.4453043937683105,7.215127468109131,8.075132369995117,6.287779808044434,6.532812595367432,6.598970413208008,6.559000492095947,5.308680057525635,4.937858581542969,4.773898601531982,5.105635166168213,4.419103622436523,4.010494709014893,4.076018810272217,4.50537109375,3.6240384578704834,3.385150194168091,3.528223991394043,3.7829394340515137,10.863542556762695,10.342961311340332,10.009052276611328,9.263484001159668,8.90810775756836,8.660344123840332,7.433961868286133,6.60300350189209,5.886358737945557,8.451000213623047,7.5654826164245605,8.53188419342041,9.14148235321045,8.44813060760498,7.7150044441223145,8.622766494750977,9.141968727111816,8.616679191589355,7.974661350250244,8.591788291931152,9.008613586425781,0.03795887902379036,0.03687291219830513,0.03797607123851776,0.03802718594670296,0.03867657482624054,0.03964628651738167,0.03999050334095955,0.040140300989151,0.04015207290649414,0.03887210786342621,0.03729645162820816,0.03659382089972496,0.03760748729109764,0.038196858018636703,0.03636403754353523,0.035924069583415985,0.03731050342321396,0.037828896194696426,0.03664494305849075,0.036199700087308884,0.03684456646442413
1,1741994443.222913,4.320476531982422,5.226291656494141,6.29116153717041,7.27382755279541,8.125944137573242,6.287332534790039,6.532055854797363,6.553318977355957,6.5880560874938965,5.221147537231445,4.883866310119629,4.754201889038086,5.095978736877441,4.407785415649414,3.9996800422668457,4.100635528564453,4.456187725067139,3.5735671520233154,3.345367431640625,3.460193395614624,3.8075473308563232,10.972572326660156,10.342961311340332,9.817090034484863,9.336009979248047,8.9844388961792,8.698525428771973,7.472102165222168,6.635982513427734,5.956555366516113,8.412810325622559,7.564469337463379,8.50917911529541,9.148174285888672,8.452713966369629,7.684815406799316,8.661890029907227,9.141274452209473,8.612924575805664,7.966882228851318,8.51512622833252,9.090241432189941,0.038276221603155136,0.03687291219830513,0.037293680012226105,0.038338467478752136,0.03893231973052025,0.03964321315288544,0.039985913783311844,0.04010868817567825,0.04056211933493614,0.03850959241390228,0.03719383478164673,0.0364762544631958,0.037551265209913254,0.03812330216169357,0.03629198670387268,0.03616444393992424,0.037229664623737335,0.037726592272520065,0.03661300241947174,0.03586630895733833,0.037109263241291046
1,1741994443.3526785,4.320890426635742,5.2651047706604,6.4453043937683105,7.173433780670166,8.01960563659668,6.301552772521973,6.5501837730407715,6.553318977355957,6.565345764160156,5.308427810668945,4.896491050720215,4.7739644050598145,5.1054182052612305,4.418871879577637,4.010494709014893,4.118039608001709,4.496544361114502,3.646416664123535,3.345367431640625,3.536655902862549,3.774900197982788,11.01107120513916,10.439437866210938,10.009052276611328,9.295056343078613,8.911626815795898,8.692821502685547,7.466684818267822,6.635982513427734,5.9628825187683105,8.488533020019531,7.594876766204834,8.567475318908691,9.177867889404297,8.48498821258545,7.7150044441223145,8.684962272644043,9.148391723632812,8.694903373718262,7.966882228851318,8.6218900680542,9.014531135559082,0.0382787249982357,0.03715326637029648,0.03797607123851776,0.03800814971327782,0.03860647976398468,0.039715979248285294,0.04007570073008537,0.04010868817567825,0.04045023024082184,0.038870133459568024,0.037267204374074936,0.03659353032708168,0.037605706602334976,0.03819522634148598,0.03636403754353523,0.03628023341298103,0.037254203110933304,0.03809826821088791,0.03661300241947174,0.03626211732625961,0.03678668290376663
1,1741994443.483589,4.235716819763184,5.187242031097412,6.351336479187012,7.173433780670166,8.018404006958008,6.177059173583984,6.416718006134033,6.436252117156982,6.565345764160156,5.220879554748535,4.896491050720215,4.734018325805664,5.0646562576293945,4.328883647918701,3.9706978797912598,4.028617858886719,4.418551445007324,3.533179521560669,3.3454360961914062,3.46040940284729,3.7036492824554443,10.87691879272461,10.373404502868652,9.959856986999512,9.295056343078613,8.948240280151367,8.627582550048828,7.414186477661133,6.587156772613525,5.9628825187683105,8.449947357177734,7.594876766204834,8.560775756835938,9.171314239501953,8.412680625915527,7.70796537399292,8.621808052062988,9.102442741394043,8.544722557067871,8.002484321594238,8.550297737121582,8.968362808227539,0.037867750972509384,0.03685649856925011,0.03764263540506363,0.03800814971327782,0.03860044851899147,0.03920880705118179,0.03953799605369568,0.039653047919273376,0.04045023024082184,0.03850753232836723,0.037267204374074936,0.03656911104917526,0.03758347034454346,0.03776361048221588,0.03633465617895126,0.03584173321723938,0.03691137209534645,0.037322036921978,0.036613672971725464,0.03586776927113533,0.036444224417209625
1,1741994443.6118562,4.320890426635742,5.283260345458984,6.359492778778076,7.272386074066162,8.124752044677734,6.30100679397583,6.549333095550537,6.572644233703613,6.488969326019287,5.308192253112793,4.948989391326904,4.792728424072266,5.055142879486084,4.446043014526367,3.9814298152923584,4.118217945098877,4.487934112548828,3.6463773250579834,3.3454360961914062,3.46040940284729,3.8315017223358154,11.01107120513916,10.482400894165039,9.987255096435547,9.40945053100586,9.021408081054688,8.730979919433594,7.504837512969971,6.6682233810424805,5.946248531341553,8.526086807250977,7.6843581199646,8.651742935180664,9.178051948547363,8.560884475708008,7.738221168518066,8.720459938049316,9.191344261169434,8.73200798034668,8.002484321594238,8.550297737121582,9.110032081604004,0.0382787249982357,0.037261418998241425,0.0376829095184803,0.038329970091581345,0.03892632573843002,0.03971244394779205,0.04007068648934364,0.04020276293158531,0.0401928536593914,0.038868244737386703,0.03764992207288742,0.03699207305908203,0.03752769157290459,0.03846011310815811,0.036406509578228,0.03628096729516983,0.03719861060380936,0.038098279386758804,0.036613672971725464,0.03586776927113533,0.037020087242126465
1,1741994443.738658,4.315640926361084,5.3226704597473145,6.359492778778076,7.183995723724365,8.018404006958008,6.30100679397583,6.451177597045898,6.4550089836120605,6.4462480545043945,5.23345422744751,4.896152496337891,4.813209533691406,5.139370918273926,4.407647132873535,3.9600298404693604,4.10972261428833,4.4965667724609375,3.564053535461426,3.326023817062378,3.5203633308410645,3.807793617248535,10.98304557800293,10.54386043548584,9.987255096435547,9.323275566101074,8.948240280151367,8.730979919433594,7.440861225128174,6.61881685256958,5.921370506286621,8.444744110107422,7.6305365562438965,8.671082496643066,9.260446548461914,8.489616394042969,7.747971534729004,8.726737022399902,9.184745788574219,8.617118835449219,7.975131511688232,8.63291072845459,9.126836776733398,0.03824077546596527,0.03754771500825882,0.0376829095184803,0.038054388016462326,0.03860044851899147,0.03971244394779205,0.039708562195301056,0.03974480926990509,0.039982330054044724,0.03858001530170441,0.03726469725370407,0.03689729794859886,0.03787366673350334,0.03812221810221672,0.036262404173612595,0.03622419759631157,0.03725395351648331,0.03765486553311348,0.03646417334675789,0.036140985786914825,0.03711087256669998
1,1741994443.8664954,4.361434459686279,5.277094841003418,6.351336479187012,7.261654853820801,8.084136009216309,6.287332534790039,6.506074905395508,6.606263160705566,6.5880560874938965,5.321026802062988,4.896491050720215,4.724361419677734,5.139370918273926,4.446043014526367,3.9599714279174805,4.101315975189209,4.5264058113098145,3.646416664123535,3.326023817062378,3.5499916076660156,3.8648953437805176,11.112344741821289,10.455721855163574,9.959856986999512,9.380919456481934,8.980231285095215,8.698525428771973,7.461400032043457,6.724966526031494,5.956555366516113,8.520953178405762,7.594876766204834,8.56723403930664,9.260446548461914,8.560884475708008,7.712854385375977,8.733100891113281,9.231176376342773,8.694903373718262,7.975131511688232,8.70343017578125,9.187173843383789,0.03863907605409622,0.037225138396024704,0.03764263540506363,0.03828295320272446,0.03891929239034653,0.03964321315288544,0.04005230963230133,0.04044098034501076,0.04056211933493614,0.03894200548529625,0.037267204374074936,0.036510780453681946,0.03787366673350334,0.03846011310815811,0.03626236319541931,0.03616781532764435,0.03752165660262108,0.03809826821088791,0.03646417334675789,0.03645053878426552,0.03734712302684784
1,1741994443.98878,4.407863140106201,5.276649475097656,6.404549598693848,7.231870174407959,8.09702205657959,6.177059173583984,6.434272289276123,6.507745265960693,6.423654079437256,5.220879554748535,4.816944599151611,4.695952415466309,5.012811183929443,4.434756755828857,3.9181065559387207,4.028617858886719,4.487934112548828,3.627041816711426,3.326023817062378,3.4524729251861572,3.799787759780884,11.205362319946289,10.418591499328613,10.003655433654785,9.36795425415039,9.009471893310547,8.627582550048828,7.408591270446777,6.668909072875977,5.9102983474731445,8.449947357177734,7.531190395355225,8.494477272033691,9.103743553161621,8.565507888793945,7.62459135055542,8.621808052062988,9.191344261169434,8.703195571899414,7.975131511688232,8.555900573730469,9.132833480834961,0.03904401883482933,0.03722356632351875,0.037960369139909744,0.038319654762744904,0.03897090256214142,0.03920880705118179,0.039625417441129684,0.04007713124155998,0.04006464034318924,0.03850753232836723,0.03693843260407448,0.036271244287490845,0.03721041604876518,0.038386233150959015,0.03589803725481033,0.03584173321723938,0.03719861060380936,0.03795255720615387,0.03646417334675789,0.03580842539668083,0.03705276921391487
1,1741994444.1175656,4.325699329376221,5.334873199462891,6.421322822570801,7.24263858795166,8.09702205657959,6.190359592437744,6.5052409172058105,6.507745265960693,6.444312572479248,5.208454608917236,4.816944599151611,4.743788242340088,5.095860481262207,4.396544456481934,3.928647518157959,4.0454912185668945,4.487934112548828,3.595322608947754,3.2988224029541016,3.4524729251861572,3.767232894897461,11.000566482543945,10.560577392578125,10.059350967407227,9.39656925201416,9.009471893310547,8.659477233886719,7.499537944793701,6.668909072875977,5.941641807556152,8.455263137817383,7.531190395355225,8.5899658203125,9.184627532958984,8.49435043334961,7.654285907745361,8.64432144165039,9.191344261169434,8.629354476928711,7.91196870803833,8.555900573730469,9.056798934936523,0.03831388056278229,0.037620533257722855,0.038043174892663956,0.03836691007018089,0.03897090256214142,0.03927651047706604,0.04004736244678497,0.04007713124155998,0.040166448801755905,0.0384356714785099,0.03693843260407448,0.03662727773189545,0.037550002336502075,0.03804976865649223,0.035968683660030365,0.03595452755689621,0.03719861060380936,0.03761403262615204,0.03615778684616089,0.03580842539668083,0.03673102706670761
1,1741994444.245127,4.325699329376221,5.295121669769287,6.367860794067383,7.183995723724365,8.205145835876465,6.190359592437744,6.451177597045898,6.473836898803711,6.488969326019287,5.32070255279541,4.86808443069458,4.66589879989624,5.055052280426025,4.407524585723877,3.94974422454834,4.053981304168701,4.496602535247803,3.636730432510376,3.3178937435150146,3.468571424484253,3.767232894897461,11.000566482543945,10.498634338378906,9.978053092956543,9.323275566101074,9.083956718444824,8.659477233886719,7.440861225128174,6.650641441345215,5.946248531341553,8.558486938476562,7.619084358215332,8.516550064086914,9.214521408081055,8.526545524597168,7.6791090965271,8.673168182373047,9.221126556396484,8.736166954040527,7.938706398010254,8.579912185668945,9.056798934936523,0.03831388056278229,0.03733191639184952,0.03772507235407829,0.038054388016462326,0.03930351138114929,0.03927651047706604,0.039708562195301056,0.03983670100569725,0.0401928536593914,0.03893966227769852,0.037313759326934814,0.0363038145005703,0.037526585161685944,0.03812122717499733,0.036109935492277145,0.03601086884737015,0.03725378215312958,0.03802577778697014,0.03630412369966507,0.035928502678871155,0.03673102706670761
1,1741994444.368729,4.361893653869629,5.226797103881836,6.412819862365723,7.253355979919434,8.190834999084473,6.217527389526367,6.451177597045898,6.526915073394775,6.488969326019287,5.32070255279541,4.896152496337891,4.6960039138793945,5.105213642120361,4.407524585723877,3.8979084491729736,4.067966938018799,4.496602535247803,3.614232063293457,3.3084065914154053,3.499518632888794,3.8398797512054443,11.151331901550293,10.379801750183105,10.068534851074219,9.425199508666992,9.091662406921387,8.685714721679688,7.440861225128174,6.701187610626221,5.946248531341553,8.558486938476562,7.6305365562438965,8.529715538024902,9.214272499084473,8.526545524597168,7.59681510925293,8.664381980895996,9.221126556396484,8.69420051574707,7.9429450035095215,8.59335994720459,9.140674591064453,0.03864190727472305,0.036874767392873764,0.03800025209784508,0.038413818925619125,0.03924506530165672,0.03941506892442703,0.039708562195301056,0.04017097130417824,0.0401928536593914,0.03893966227769852,0.03726469725370407,0.0362708754837513,0.037603989243507385,0.03812122717499733,0.03568049147725105,0.03586969152092934,0.03725378215312958,0.03775633126497269,0.03623144328594208,0.035898223519325256,0.03708032891154289
1,1741994444.4920046,4.232247352600098,5.155551910400391,6.299077987670898,7.029603958129883,8.032252311706543,6.286900997161865,6.504427433013916,6.625847816467285,6.487420558929443,5.32070255279541,4.921692848205566,4.743803977966309,5.183762073516846,4.407524585723877,3.9706711769104004,4.101315975189209,4.517887115478516,3.6048102378845215,3.3274340629577637,3.528733253479004,3.7751073837280273,10.760551452636719,10.340473175048828,9.91687297821045,9.175955772399902,8.940474510192871,8.736724853515625,7.537690162658691,6.75770378112793,5.983957290649414,8.558486938476562,7.655938625335693,8.625541687011719,9.33780288696289,8.526545524597168,7.778170108795166,8.733100891113281,9.274636268615723,8.661776542663574,7.969748497009277,8.66296672821045,9.050719261169434,0.03750801086425781,0.03661630302667618,0.037330664694309235,0.03743193671107292,0.03865702077746391,0.039640218019485474,0.040042515844106674,0.04053664579987526,0.04018448293209076,0.03893966227769852,0.03741319105029106,0.03662674129009247,0.0382038839161396,0.03812122717499733,0.036333873867988586,0.03616781532764435,0.03746621310710907,0.03768547996878624,0.03637717664241791,0.03620314225554466,0.03678800165653229
1,1741994444.6146588,4.306495189666748,5.2332634925842285,6.391664981842041,7.213618278503418,8.124752044677734,6.272977828979492,6.504427433013916,6.605149745941162,6.485894680023193,5.307971954345703,4.98998498916626,4.823126792907715,5.183762073516846,4.396514892578125,4.042953014373779,4.101315975189209,4.517887115478516,3.5954134464263916,3.385291814804077,3.5207035541534424,3.791861057281494,10.874706268310547,10.44286823272705,10.001974105834961,9.336199760437012,9.021408081054688,8.742598533630371,7.537690162658691,6.763250827789307,6.021672248840332,8.563663482666016,7.726694583892822,8.700666427612305,9.33780288696289,8.531326293945312,7.845833778381348,8.733100891113281,9.274636268615723,8.666149139404297,8.045940399169922,8.668580055236816,9.138916969299316,0.03783800080418587,0.03691180422902107,0.03765677660703659,0.03801841661334038,0.03892632573843002,0.039568692445755005,0.040042515844106674,0.04043470323085785,0.04017621651291847,0.038866445422172546,0.03767373412847519,0.036956194788217545,0.0382038839161396,0.038049325346946716,0.036664560437202454,0.03616781532764435,0.03746621310710907,0.03761487826704979,0.03664625063538551,0.03614327311515808,0.03699503466486931
1,1741994444.742981,4.321253299713135,5.283622741699219,6.391664981842041,7.203092098236084,8.124752044677734,6.3710479736328125,6.585870265960693,6.604057788848877,6.516204357147217,5.307971954345703,5.086295127868652,4.863438606262207,5.086421966552734,4.407524585723877,4.094048500061035,4.157866477966309,4.479399681091309,3.6048102378845215,3.375673770904541,3.589905023574829,3.8398797512054443,10.881317138671875,10.519468307495117,10.001974105834961,9.308062553405762,9.021408081054688,8.821234703063965,7.608606338500977,6.801546096801758,6.072395324707031,8.563663482666016,7.788597106933594,8.707354545593262,9.191498756408691,8.526545524597168,7.848097324371338,8.763282775878906,9.198040962219238,8.661776542663574,8.050139427185059,8.747450828552246,9.140674591064453,0.03794495388865471,0.03726257383823395,0.03765677660703659,0.037972401827573776,0.03892632573843002,0.03993796929717064,0.040321219712495804,0.0404285229742527,0.040400728583335876,0.038866445422172546,0.038094546645879745,0.036980289965867996,0.03749477118253708,0.03812122717499733,0.036766763776540756,0.03630789369344711,0.037143684923648834,0.03768547996878624,0.03657279163599014,0.0364823192358017,0.03708032891154289
1,1741994444.8678606,4.3058552742004395,5.2387800216674805,6.339190483093262,7.203092098236084,8.138848304748535,6.27329683303833,6.568483829498291,6.605149745941162,6.637481212615967,5.295510768890381,4.990368366241455,4.8230814933776855,5.205554962158203,4.407524585723877,4.127686977386475,4.18360710144043,4.526731491088867,3.6271746158599854,3.375673770904541,3.589905023574829,3.873450994491577,10.836315155029297,10.432289123535156,9.92227840423584,9.308062553405762,9.013662338256836,8.704358100891113,7.575490951538086,6.763250827789307,6.116320610046387,8.53133773803711,7.690647602081299,8.664705276489258,9.320629119873047,8.526545524597168,7.910012722015381,8.804232597351074,9.304865837097168,8.74041748046875,8.050139427185059,8.747450828552246,9.21832275390625,0.03783421963453293,0.03694532439112663,0.03734632954001427,0.037972401827573776,0.0389837846159935,0.03957115486264229,0.04023541137576103,0.04043470323085785,0.04087904840707779,0.038795121014118195,0.03767647221684456,0.03695657104253769,0.03811189532279968,0.03812122717499733,0.037075649946928024,0.03655565530061722,0.0375228151679039,0.037953730672597885,0.03657279163599014,0.0364823192358017,0.037408843636512756
1,1741994444.9853516,4.316478729248047,5.381711483001709,6.363105773925781,7.224092960357666,8.218267440795898,6.399140357971191,6.62159538269043,6.700173854827881,6.613497734069824,5.320394515991211,5.0571088790893555,4.8427910804748535,5.225131511688232,4.538872241973877,4.127683162689209,4.2013325691223145,4.6161723136901855,3.7207186222076416,3.4139020442962646,3.606860399246216,3.9575796127319336,10.891816139221191,10.668378829956055,9.966811180114746,9.364351272583008,9.113629341125488,8.848337173461914,7.636646747589111,6.882423400878906,6.144153118133545,8.59604263305664,7.850304126739502,8.75987434387207,9.381657600402832,8.711884498596191,7.94591760635376,8.86359691619873,9.421359062194824,8.85366153717041,8.147542953491211,8.808420181274414,9.374617576599121,0.03791027516126633,0.03767504543066025,0.037464335560798645,0.03806409239768982,0.03935582935810089,0.04008091241121292,0.04049775004386902,0.04097520560026169,0.04095799848437309,0.03893740102648735,0.038140587508678436,0.03707265108823776,0.03822527080774307,0.03890654072165489,0.03707534074783325,0.03667261451482773,0.03793490678071976,0.03847793862223625,0.036963701248168945,0.03660774603486061,0.03783643990755081
1,1741994445.1092043,4.316478729248047,5.28987455368042,6.35492467880249,7.1255879402160645,8.030941009521484,6.232712268829346,6.503632068634033,6.623455047607422,6.636056423187256,5.320394515991211,4.989617824554443,4.8427910804748535,5.13930606842041,4.487760543823242,4.064727783203125,4.1270318031311035,4.4477715492248535,3.6271746158599854,3.4236841201782227,3.537034034729004,3.816239356994629,10.891816139221191,10.582975387573242,9.976091384887695,9.287315368652344,8.977048873901367,8.703017234802246,7.575857162475586,6.834346294403076,6.154825210571289,8.59604263305664,7.762762069702148,8.75987434387207,9.297316551208496,8.642775535583496,7.871795654296875,8.785224914550781,9.2206392288208,8.74041748046875,8.143498420715332,8.693008422851562,9.194062232971191,0.03791027516126633,0.037298500537872314,0.03742346912622452,0.03774289786815643,0.03865057975053787,0.03929441422224045,0.04003775119781494,0.040523331612348557,0.040871262550354004,0.03893740102648735,0.03767109662294388,0.03707265108823776,0.03787270188331604,0.03848624229431152,0.03681012615561485,0.03633883595466614,0.0371745228767395,0.037953730672597885,0.03703851252794266,0.036264706403017044,0.03717172518372536
1,1741994445.2388315,4.282437324523926,5.244868278503418,6.391573429107666,7.2716827392578125,8.189688682556152,6.286485195159912,6.485910415649414,6.505476474761963,6.516204357147217,5.307766914367676,4.949313640594482,4.783788204193115,5.105021953582764,4.487760543823242,4.021101474761963,4.093308448791504,4.488204479217529,3.6779303550720215,3.385385513305664,3.5290088653564453,3.8001327514648438,10.82235050201416,10.495014190673828,10.038704872131348,9.446187019348145,9.12900161743164,8.774942398071289,7.581254959106445,6.7446746826171875,6.072395324707031,8.601261138916016,7.702993392944336,8.667845726013184,9.250697135925293,8.642775535583496,7.815487384796143,8.750691413879395,9.264280319213867,8.781329154968262,8.081626892089844,8.698606491088867,9.169538497924805,0.03760193660855293,0.036980222910642624,0.037655286490917206,0.038325801491737366,0.03923923894762993,0.03963730111718178,0.03994940593838692,0.040064357221126556,0.040400728583335876,0.03886472433805466,0.037360887974500656,0.03665037825703621,0.037602346390485764,0.03848624229431152,0.036434028297662735,0.03603730723261833,0.03719940409064293,0.038056641817092896,0.036647066473960876,0.03620500862598419,0.037055015563964844
1,1741994445.361658,4.3568830490112305,5.2332634925842285,6.391664981842041,7.272386074066162,8.123571395874023,6.286485195159912,6.485910415649414,6.505476474761963,6.516204357147217,5.26243782043457,4.9368085861206055,4.735679626464844,5.062141418457031,4.448920726776123,4.028897285461426,4.068287372589111,4.41858434677124,3.6684043407440186,3.434356451034546,3.581775665283203,3.7675373554229736,11.029105186462402,10.44286823272705,10.001974105834961,9.40945053100586,9.058382987976074,8.774942398071289,7.581254959106445,6.7446746826171875,6.072395324707031,8.530726432800293,7.672515392303467,8.571667671203613,9.175537109375,8.570636749267578,7.7671895027160645,8.69965648651123,9.174426078796387,8.785673141479492,8.127617835998535,8.75308609008789,9.093092918395996,0.03826490789651871,0.03691180422902107,0.03765677660703659,0.038329970091581345,0.03892037644982338,0.03963730111718178,0.03994940593838692,0.040064357221126556,0.040400728583335876,0.03852812945842743,0.03728872910141945,0.03629475459456444,0.037283603101968765,0.03814764693379402,0.036250025033950806,0.0358712300658226,0.03691079467535019,0.037985287606716156,0.03684529289603233,0.036421746015548706,0.03673296794295311
1,1741994445.484683,4.316941738128662,5.2332634925842285,6.391664981842041,7.272386074066162,8.203872680664062,6.286485195159912,6.503632068634033,6.505476474761963,6.592095851898193,5.2748637199401855,4.924286365509033,4.726161956787109,5.095664978027344,4.487760543823242,3.9891726970672607,4.068287372589111,4.488204479217529,3.6875476837158203,3.375673770904541,3.5207035541534424,3.840216636657715,10.929997444152832,10.44286823272705,10.001974105834961,9.40945053100586,9.12125015258789,8.774942398071289,7.575857162475586,6.7446746826171875,6.111629962921143,8.525412559509277,7.642116069793701,8.542993545532227,9.257598876953125,8.642775535583496,7.760096549987793,8.69965648651123,9.264280319213867,8.77707576751709,8.050139427185059,8.668580055236816,9.177390098571777,0.0379129983484745,0.03691180422902107,0.03765677660703659,0.038329970091581345,0.039297208189964294,0.03963730111718178,0.04003775119781494,0.040064357221126556,0.04085260629653931,0.038599446415901184,0.03721630945801735,0.036238402128219604,0.03754768893122673,0.03848624229431152,0.03622063621878624,0.0358712300658226,0.03719940409064293,0.03812844678759575,0.03657279163599014,0.03614327311515808,0.0370824858546257
1,1741994445.6096256,4.367106914520264,5.232838153839111,6.391664981842041,7.272386074066162,8.190834999084473,6.232712268829346,6.432751178741455,6.452645778656006,6.485894680023193,5.250309944152832,4.9368085861206055,4.804356575012207,5.155294418334961,4.448920726776123,4.039542198181152,4.140699863433838,4.519690036773682,3.6456079483032227,3.4152872562408447,3.62947678565979,3.815114974975586,11.08473014831543,10.406086921691895,10.001974105834961,9.40945053100586,9.091662406921387,8.703017234802246,7.484098434448242,6.693822383880615,6.021672248840332,8.498921394348145,7.672515392303467,8.6163330078125,9.250411033630371,8.570636749267578,7.7621235847473145,8.740446090698242,9.205182075500488,8.706459999084473,8.022249221801758,8.755366325378418,9.094717979431152,0.038338515907526016,0.03691035136580467,0.03765677660703659,0.038329970091581345,0.03924506530165672,0.03929441422224045,0.03961619734764099,0.03973160684108734,0.04017621651291847,0.03845887631177902,0.03728872910141945,0.03655984252691269,0.03767930343747139,0.03814764693379402,0.036321114748716354,0.036194201558828354,0.03716813772916794,0.0377158485352993,0.03660338371992111,0.03651132062077522,0.03681665286421776
1,1741994445.7335978,4.402421474456787,5.323519229888916,6.485884666442871,7.213618278503418,8.137543678283691,6.343690872192383,6.548501968383789,6.5509748458862305,6.562511920928955,5.275216102600098,5.01851749420166,4.893911361694336,5.155294418334961,4.449038982391357,4.050273895263672,4.188863277435303,4.536962985992432,3.6456079483032227,3.4154369831085205,3.638028144836426,3.815114974975586,11.025823593139648,10.525771141052246,10.088573455810547,9.336199760437012,9.050592422485352,8.774847984313965,7.543004035949707,6.711766242980957,6.03900671005249,8.488264083862305,7.7020487785339355,8.720494270324707,9.250411033630371,8.533669471740723,7.79229736328125,8.776942253112793,9.22822093963623,8.706459999084473,8.057965278625488,8.78584098815918,9.094717979431152,0.03832048177719116,0.03728032112121582,0.03798864409327507,0.03801841661334038,0.03897737339138985,0.03972969576716423,0.04006575793027878,0.040095582604408264,0.04043472930788994,0.03860194981098175,0.03762606903910637,0.03694562986493111,0.03767930343747139,0.03814862295985222,0.0363922193646431,0.03627776354551315,0.03727797791361809,0.0377158485352993,0.03660454601049423,0.03657415136694908,0.03681665286421776
1,1741994445.8571491,4.3971452713012695,5.323519229888916,6.485884666442871,7.313595294952393,8.166529655456543,6.329644680023193,6.547689437866211,6.66946268081665,6.583498954772949,5.35040807723999,5.072767734527588,4.944493293762207,5.180363178253174,4.4379730224609375,4.145268440246582,4.197355270385742,4.528382301330566,3.6456079483032227,3.4251108169555664,3.6072635650634766,3.847064256668091,10.997855186462402,10.525771141052246,10.088573455810547,9.414186477661133,9.025583267211914,8.780659675598145,7.581183433532715,6.80099630355835,6.070878982543945,8.570087432861328,7.793563365936279,8.747476577758789,9.303879737854004,8.538479804992676,7.885867118835449,8.770544052124023,9.234919548034668,8.706459999084473,8.053730010986328,8.67867374420166,9.108675003051758,0.03828287869691849,0.03728032112121582,0.03798864409327507,0.038344286382198334,0.03893912956118584,0.03965810313820839,0.040060922503471375,0.04055459052324295,0.04053746163845062,0.03889090195298195,0.038016192615032196,0.03731594607234001,0.03789479285478592,0.03807682543992996,0.03686792403459549,0.0363338403403759,0.037223245948553085,0.0377158485352993,0.036677878350019455,0.03626077249646187,0.0367874801158905
1,1741994445.9773374,4.32161808013916,5.317885875701904,6.485809803009033,7.224092960357666,8.124752044677734,6.315782070159912,6.647726058959961,6.648799896240234,6.606080532073975,5.350189208984375,4.977817058563232,4.823768615722656,5.136482238769531,4.448920726776123,4.123290061950684,4.149415016174316,4.5672287940979,3.6361427307128906,3.4251108169555664,3.62947678565979,3.8398797512054443,10.919363021850586,10.536375045776367,10.125679969787598,9.364351272583008,9.021408081054688,8.786600112915039,7.647178649902344,6.806545734405518,6.081742763519287,8.607696533203125,7.678784370422363,8.674513816833496,9.22764778137207,8.570636749267578,7.8599934577941895,8.769652366638184,9.27514934539795,8.67408275604248,8.053730010986328,8.755366325378418,9.140674591064453,0.03794708475470543,0.037246230989694595,0.037987228482961655,0.03806409239768982,0.03892632573843002,0.03958721086382866,0.04043005779385567,0.04045329615473747,0.04045338183641434,0.03888909891247749,0.037315014749765396,0.03667430579662323,0.03757087141275406,0.03814764693379402,0.03672295808792114,0.036251720041036606,0.037546634674072266,0.037645064294338226,0.036677878350019455,0.03651132062077522,0.03708032891154289
1,1741994446.1012955,4.27279806137085,5.317885875701904,6.331175804138184,7.254530429840088,8.166529655456543,6.329644680023193,6.547689437866211,6.648799896240234,6.606080532073975,5.35040807723999,5.018215656280518,4.853615760803223,5.180363178253174,4.448920726776123,4.15709114074707,4.141052722930908,4.536999702453613,3.645595073699951,3.4251108169555664,3.62947678565979,3.8883426189422607,10.805845260620117,10.536375045776367,9.931747436523438,9.340946197509766,9.025583267211914,8.780659675598145,7.581183433532715,6.806545734405518,6.081742763519287,8.570087432861328,7.738133430480957,8.713812828063965,9.303879737854004,8.570636749267578,7.921859264373779,8.77610969543457,9.264633178710938,8.669676780700684,8.053730010986328,8.755366325378418,9.17906665802002,0.03753236308693886,0.037246230989694595,0.03730582445859909,0.03803281486034393,0.03893912956118584,0.03965810313820839,0.040060922503471375,0.04045329615473747,0.04045338183641434,0.03889090195298195,0.03762376308441162,0.03692160174250603,0.03789479285478592,0.03814764693379402,0.0370306596159935,0.03619593754410744,0.037277787923812866,0.037715550512075424,0.036677878350019455,0.03651132062077522,0.03716713935136795
1,1741994446.2198749,4.366790294647217,5.266366004943848,6.485884666442871,7.313595294952393,8.166529655456543,6.343156337738037,6.530600070953369,6.648799896240234,6.58522367477417,5.35040807723999,5.0054097175598145,4.804197311401367,5.145775318145752,4.5296549797058105,4.079358100891113,4.107034683227539,4.536962985992432,3.7191107273101807,3.474189519882202,3.5991463661193848,3.8800082206726074,11.046324729919434,10.38615894317627,10.088573455810547,9.414186477661133,9.025583267211914,8.813044548034668,7.548424243927002,6.806545734405518,6.050020217895508,8.570087432861328,7.7072930335998535,8.58065414428711,9.257223129272461,8.649916648864746,7.769153594970703,8.671687126159668,9.22822093963623,8.789257049560547,8.099329948425293,8.684351921081543,9.148476600646973,0.038336627185344696,0.036892883479595184,0.03798864409327507,0.038344286382198334,0.03893912956118584,0.039726223796606064,0.03997701033949852,0.04045329615473747,0.04035153239965439,0.03889090195298195,0.03754992038011551,0.03655964881181717,0.03762424364686012,0.038513507694005966,0.036350227892398834,0.035895947366952896,0.03727797791361809,0.03808662295341492,0.03687529265880585,0.0362011156976223,0.037107713520526886
1,1741994446.3427632,4.496277332305908,5.351147174835205,6.494318008422852,7.265896320343018,8.166529655456543,6.329225540161133,6.630257606506348,6.66946268081665,6.562511920928955,5.337774276733398,4.991225242614746,4.794615268707275,5.127101421356201,4.518435955047607,4.090163707733154,4.197355270385742,4.55876350402832,3.7191107273101807,3.4551026821136475,3.6072635650634766,3.954796075820923,11.248797416687012,10.478865623474121,10.079233169555664,9.332768440246582,9.025583267211914,8.818899154663086,7.613940238952637,6.80099630355835,6.03900671005249,8.575408935546875,7.637845039367676,8.530078887939453,9.234611511230469,8.6172513961792,7.764139652252197,8.770544052124023,9.318747520446777,8.789257049560547,8.030019760131836,8.67867374420166,9.271122932434082,0.03912392631173134,0.037226296961307526,0.038030996918678284,0.03808320686221123,0.03893912956118584,0.0396551713347435,0.0403444878757,0.04055459052324295,0.04043472930788994,0.038818422704935074,0.037392981350421906,0.03643381968140602,0.037516236305236816,0.03844118118286133,0.03642168268561363,0.0363338403403759,0.0374918058514595,0.03808662295341492,0.036635033786296844,0.03626077249646187,0.03746597096323967
1,1741994446.4644,4.362053871154785,5.317437648773193,6.391664981842041,7.313595294952393,8.179340362548828,6.343156337738037,6.547689437866211,6.549833297729492,6.583498954772949,5.337774276733398,5.0054097175598145,4.794568061828613,5.145775318145752,4.4379730224609375,4.0075364112854,4.180117130279541,4.528382301330566,3.6456079483032227,3.387226104736328,3.6072635650634766,3.8883426189422607,11.056989669799805,10.499204635620117,10.001974105834961,9.414186477661133,9.054749488830566,8.813044548034668,7.581183433532715,6.749671936035156,6.070878982543945,8.575408935546875,7.7072930335998535,8.587263107299805,9.257223129272461,8.538479804992676,7.703094959259033,8.74775505065918,9.234919548034668,8.706459999084473,7.958469867706299,8.67867374420166,9.17906665802002,0.03830213099718094,0.03724467009305954,0.03765677660703659,0.038344286382198334,0.03899002447724342,0.039726223796606064,0.040060922503471375,0.04008917883038521,0.04053746163845062,0.038818422704935074,0.03754992038011551,0.036501962691545486,0.03762424364686012,0.03807682543992996,0.036026764661073685,0.03622042015194893,0.037223245948553085,0.0377158485352993,0.036294788122177124,0.03626077249646187,0.03716713935136795
1,1741994446.585738,4.316941738128662,5.323519229888916,6.399733066558838,7.265896320343018,8.11395263671875,6.329644680023193,6.530600070953369,6.549833297729492,6.530544281005859,5.337774276733398,5.018215656280518,4.804356575012207,5.127101421356201,4.518435955047607,4.123290061950684,4.188863277435303,4.519899845123291,3.7191107273101807,3.4154369831085205,3.5991463661193848,3.9285402297973633,10.929997444152832,10.525771141052246,10.029280662536621,9.332768440246582,8.985421180725098,8.780659675598145,7.548424243927002,6.749671936035156,6.026304244995117,8.575408935546875,7.738133430480957,8.6163330078125,9.234611511230469,8.6172513961792,7.8599934577941895,8.776942253112793,9.241718292236328,8.789257049560547,8.057965278625488,8.684351921081543,9.186807632446289,0.0379129983484745,0.03728032112121582,0.037696462124586105,0.03808320686221123,0.038676243275403976,0.03965810313820839,0.03997701033949852,0.04008917883038521,0.04020234942436218,0.038818422704935074,0.03762376308441162,0.03655984252691269,0.037516236305236816,0.03844118118286133,0.03672295808792114,0.03627776354551315,0.03716893494129181,0.03808662295341492,0.03660454601049423,0.0362011156976223,0.037194158881902695
1,1741994446.7087312,4.35734224319458,5.3238749504089355,6.440160751342773,7.254530429840088,8.100143432617188,6.442215919494629,6.647726058959961,6.613321304321289,6.649711608886719,5.362872123718262,5.101105690002441,4.9037766456604,5.180363178253174,4.5296549797058105,4.134237289428711,4.188863277435303,4.576184272766113,3.6456079483032227,3.387460470199585,3.5911049842834473,3.8803367614746094,10.93736743927002,10.562853813171387,10.03461742401123,9.340946197509766,8.993264198303223,8.89262580871582,7.647178649902344,6.786973476409912,6.107588768005371,8.602449417114258,7.804948806762695,8.714007377624512,9.303879737854004,8.649916648864746,7.89067268371582,8.776942253112793,9.342199325561523,8.706459999084473,8.029154777526855,8.690109252929688,9.185201644897461,0.03793387860059738,0.037281423807144165,0.03771175444126129,0.03803281486034393,0.03862026706337929,0.04009810835123062,0.04043005779385567,0.04020646959543228,0.04066643491387367,0.03896166756749153,0.037964895367622375,0.037004221230745316,0.03789479285478592,0.038513507694005966,0.03679510951042175,0.03627776354551315,0.03760300949215889,0.0377158485352993,0.03629659488797188,0.03614181652665138,0.03710978105664253
1,1741994446.816633,4.490450382232666,5.3238749504089355,6.485809803009033,7.312870025634766,8.165325164794922,6.329225540161133,6.629591941833496,6.647712707519531,6.561129570007324,5.304509162902832,5.018215656280518,4.9037766456604,5.136482238769531,4.410862445831299,4.090135097503662,4.197543144226074,4.519899845123291,3.613947629928589,3.455246686935425,3.5991463661193848,3.8803367614746094,11.201496124267578,10.562853813171387,10.125679969787598,9.450919151306152,9.062556266784668,8.818899154663086,7.6525397300720215,6.844870090484619,6.0770792961120605,8.537134170532227,7.738133430480957,8.714007377624512,9.22764778137207,8.499953269958496,7.799315452575684,8.806120872497559,9.241718292236328,8.63313102722168,8.065756797790527,8.684351921081543,9.185201644897461,0.03874076530337334,0.037281423807144165,0.037987228482961655,0.038340020924806595,0.03893309831619263,0.0396551713347435,0.04034033417701721,0.04044714942574501,0.04042713716626167,0.038552425801754,0.03762376308441162,0.037004221230745316,0.03757087141275406,0.037815868854522705,0.036421146243810654,0.036334577947854996,0.03716893494129181,0.03738205507397652,0.036636125296354294,0.0362011156976223,0.03710978105664253
1,1741994447.132145,4.44896125793457,5.311795711517334,6.485884666442871,7.213618278503418,8.059894561767578,6.329225540161133,6.630257606506348,6.648799896240234,6.661458492279053,5.304509162902832,5.072811126708984,4.81400728225708,5.0529327392578125,4.490457057952881,4.068544387817383,4.180117130279541,4.519899845123291,3.7191107273101807,3.445383071899414,3.5991463661193848,3.954796075820923,11.155381202697754,10.509808540344238,10.088573455810547,9.336199760437012,8.952459335327148,8.818899154663086,7.613940238952637,6.806545734405518,6.088673114776611,8.537134170532227,7.739219665527344,8.609766006469727,9.18249797821045,8.577738761901855,7.7390456199646,8.74775505065918,9.241718292236328,8.789257049560547,8.03432846069336,8.684351921081543,9.271122932434082,0.03871848061680794,0.03721041977405548,0.03798864409327507,0.03801841661334038,0.03861350193619728,0.0396551713347435,0.0403444878757,0.04045329615473747,0.04080061987042427,0.038552425801754,0.037726204842329025,0.03661750257015228,0.03722994774580002,0.03817478194832802,0.03627892956137657,0.03622042015194893,0.03716893494129181,0.03808662295341492,0.03656173124909401,0.0362011156976223,0.03746597096323967
1,1741994447.2653167,4.496546745300293,5.260219573974609,6.573267936706543,7.313595294952393,8.219826698303223,6.329644680023193,6.494034290313721,6.5509748458862305,6.562511920928955,5.35040807723999,4.978161334991455,4.784887790679932,5.0530619621276855,4.4379730224609375,3.965757131576538,4.107034683227539,4.510924339294434,3.6456079483032227,3.445383071899414,3.590698003768921,3.871997594833374,11.287967681884766,10.359818458557129,10.148624420166016,9.414186477661133,9.066299438476562,8.780659675598145,7.483909606933594,6.711766242980957,6.03900671005249,8.570087432861328,7.643069744110107,8.536510467529297,9.146388053894043,8.538479804992676,7.61594295501709,8.671687126159668,9.175424575805664,8.706459999084473,8.03432846069336,8.65434741973877,9.154624938964844,0.03912557289004326,0.03685684874653816,0.03828471526503563,0.038344286382198334,0.03920552879571915,0.03965810313820839,0.03972665220499039,0.040095582604408264,0.04043472930788994,0.03889090195298195,0.037317562848329544,0.036376286298036575,0.03723128139972687,0.03807682543992996,0.03566952794790268,0.035895947366952896,0.03711247816681862,0.0377158485352993,0.03656173124909401,0.036139171570539474,0.03705018758773804
1,1741994447.400594,4.453887939453125,5.3695855140686035,6.485884666442871,7.202457904815674,8.072449684143066,6.457243919372559,6.548501968383789,6.570113658905029,6.509920597076416,5.363194942474365,5.01851749420166,4.934378147125244,5.276559352874756,4.501831531524658,4.018067359924316,4.223687171936035,4.616832733154297,3.728827953338623,3.405622959136963,3.6208560466766357,3.871595859527588,11.144810676574707,10.614710807800293,10.088573455810547,9.344484329223633,8.981250762939453,8.848390579223633,7.543004035949707,6.7440690994262695,5.994867324829102,8.564884185791016,7.7020487785339355,8.753840446472168,9.344240188598633,8.536022186279297,7.732817649841309,8.847545623779297,9.312466621398926,8.74780559539795,8.026522636413574,8.72487735748291,9.1178560256958,0.038753971457481384,0.03760392963886261,0.03798864409327507,0.037968505173921585,0.038663484156131744,0.04017501696944237,0.04006575793027878,0.04018881916999817,0.04010170325636864,0.03896401450037956,0.03762606903910637,0.037255771458148956,0.03830581158399582,0.03824808448553085,0.03609630465507507,0.03658332675695419,0.03762703761458397,0.03815838322043419,0.03652995452284813,0.036447905004024506,0.03704766184091568
1,1741994447.5278292,4.402421474456787,5.323519229888916,6.43208122253418,7.243988513946533,8.16774845123291,6.4148454666137695,6.477170467376709,6.516632080078125,6.530544281005859,5.305052280426025,5.01851749420166,4.81400728225708,5.211884021759033,4.479516983032227,4.112305641174316,4.180117130279541,4.607789516448975,3.6768388748168945,3.4354686737060547,3.582181215286255,3.846500873565674,11.025823593139648,10.525771141052246,10.007330894470215,9.312827110290527,8.988617897033691,8.78828239440918,7.451638698577881,6.693116188049316,6.026304244995117,8.462752342224121,7.7020487785339355,8.609766006469727,9.206552505493164,8.508594512939453,7.829368591308594,8.74775505065918,9.245408058166504,8.64515209197998,8.002933502197266,8.624330520629883,9.036076545715332,0.03832048177719116,0.03728032112121582,0.037672217935323715,0.03798694536089897,0.038945212960243225,0.039961207658052444,0.03964411839842796,0.039854224771261215,0.04020234942436218,0.03855661675333977,0.03762606903910637,0.03661750257015228,0.03786320984363556,0.03810475766658783,0.036650434136390686,0.03622042015194893,0.037570543587207794,0.03767438977956772,0.03648684546351433,0.03607664629817009,0.03678403049707413
1,1741994447.6542149,4.402421474456787,5.266366004943848,6.43208122253418,7.255301475524902,8.102629661560059,6.428798675537109,6.5753607749938965,6.614572048187256,6.576779365539551,5.3803253173828125,4.978161334991455,4.883763313293457,5.22164249420166,4.479516983032227,4.057675838470459,4.18860387802124,4.607789516448975,3.6768388748168945,3.4549741744995117,3.6377992630004883,3.9113457202911377,11.025823593139648,10.38615894317627,10.007330894470215,9.304584503173828,8.920038223266602,8.821112632751465,7.515552520751953,6.749019145965576,5.993156909942627,8.544188499450684,7.643069744110107,8.654924392700195,9.236669540405273,8.508594512939453,7.704977512359619,8.74133014678955,9.245408058166504,8.64515209197998,7.994314670562744,8.620790481567383,9.088894844055176,0.03832048177719116,0.036892883479595184,0.037672217935323715,0.03803725913167,0.038632601499557495,0.04003147780895233,0.040004681795835495,0.040213361382484436,0.0402366928756237,0.03884424641728401,0.037317562848329544,0.03688668832182884,0.03791908174753189,0.03810475766658783,0.036125849932432175,0.03627660498023033,0.037570543587207794,0.03767438977956772,0.03663404658436775,0.036225780844688416,0.037072718143463135
1,1741994447.871681,4.665712833404541,5.378441333770752,6.559010982513428,7.238013744354248,8.13140869140625,6.375749111175537,6.609126091003418,6.685441493988037,6.6244988441467285,5.402121543884277,5.033553123474121,4.933996200561523,5.268677234649658,4.573950290679932,4.11536979675293,4.258436679840088,4.68034553527832,3.777914047241211,3.466083288192749,3.677133321762085,3.9600725173950195,11.416303634643555,10.341822624206543,10.034345626831055,9.23779010772705,8.8954496383667,8.676300048828125,7.429574012756348,6.688608646392822,5.939692497253418,8.470112800598145,7.556849002838135,8.558303833007812,9.203714370727539,8.517845153808594,7.624635696411133,8.690960884094238,9.266151428222656,8.68874454498291,7.903219699859619,8.628556251525879,9.127249717712402,0.03956371545791626,0.0369088388979435,0.03797950595617294,0.03774614259600639,0.03859512135386467,0.03943031653761864,0.03971811383962631,0.040175940841436386,0.0400874949991703,0.03867710381746292,0.03714418411254883,0.036690205335617065,0.03769301623106003,0.03823106735944748,0.03604411706328392,0.03626963868737221,0.03756259009242058,0.037875331938266754,0.0363563597202301,0.036254435777664185,0.03716015815734863
1,1741994447.9857314,4.447788715362549,5.3004984855651855,6.459754467010498,7.366682052612305,8.278944969177246,6.418673992156982,6.609126091003418,6.631279468536377,6.592687606811523,5.4314961433410645,5.007549285888672,4.854644298553467,5.268677234649658,4.604325294494629,4.065199851989746,4.2326812744140625,4.64935302734375,3.8528988361358643,3.5246691703796387,3.64682674407959,4.000314712524414,10.930688858032227,10.27761459350586,9.901945114135742,9.326925277709961,9.00886344909668,8.68187427520752,7.429574012756348,6.63840913772583,5.927863121032715,8.481709480285645,7.567624092102051,8.520953178405762,9.203714370727539,8.49267864227295,7.619354248046875,8.651616096496582,9.183116912841797,8.734038352966309,7.978304386138916,8.559617042541504,9.13492488861084,0.0380433090031147,0.03661806508898735,0.03739443048834801,0.038029711693525314,0.038926005363464355,0.03945060074329376,0.03971811383962631,0.03984314948320389,0.03986068442463875,0.038628969341516495,0.03699607402086258,0.036367595195770264,0.03769301623106003,0.03818685933947563,0.035865236073732376,0.036028068512678146,0.0372951440513134,0.03824758529663086,0.03662215173244476,0.03595057874917984,0.037187106907367706
1,1741994448.1114142,4.5809478759765625,5.385188579559326,6.507954120635986,7.4297027587890625,8.239871978759766,6.517304420471191,6.788662910461426,6.793959140777588,6.810528755187988,5.499670505523682,5.225724697113037,4.974114418029785,5.215209007263184,4.627120018005371,4.165778636932373,4.382823467254639,4.64935302734375,3.8290019035339355,3.6348278522491455,3.860177993774414,4.040591239929199,11.09937572479248,10.315924644470215,9.934115409851074,9.351363182067871,8.961189270019531,8.759077072143555,7.525500297546387,6.730563640594482,6.055656433105469,8.477355003356934,7.7330498695373535,8.63613224029541,9.100078582763672,8.520039558410645,7.695973873138428,8.840450286865234,9.183116912841797,8.65541934967041,8.094225883483887,8.83050537109375,9.142560005187988,0.038507577031850815,0.0366879440844059,0.037448249757289886,0.03813911974430084,0.03872053697705269,0.03981473296880722,0.04027434438467026,0.040317099541425705,0.04067479819059372,0.03879716247320175,0.03775608167052269,0.03671261668205261,0.03732200339436531,0.038330331444740295,0.03614208847284317,0.036685194820165634,0.0372951440513134,0.037976864725351334,0.03700004145503044,0.036968689411878586,0.03721388056874275
1,1741994448.242598,4.5349860191345215,5.340223789215088,6.648800373077393,7.406836986541748,8.33228874206543,6.460944652557373,6.751706600189209,6.874020576477051,6.712331771850586,5.473691940307617,5.114748954772949,5.034453392028809,5.299771785736084,4.617572784423828,4.216370582580566,4.346543312072754,4.672243595123291,3.7954277992248535,3.6146280765533447,3.8359086513519287,4.032325267791748,11.06470775604248,10.320284843444824,10.109587669372559,9.367969512939453,9.07894515991211,8.725214004516602,7.536462306976318,6.792783260345459,5.986489772796631,8.487961769104004,7.604379653930664,8.593975067138672,9.216962814331055,8.46169376373291,7.697624206542969,8.73446273803711,9.203693389892578,8.61878490447998,7.989223480224609,8.716463088989258,9.148758888244629,0.03845268115401268,0.036637093871831894,0.03804853931069374,0.038039352744817734,0.03898255527019501,0.03946661576628685,0.040096040815114975,0.04058119282126427,0.04013131931424141,0.03865274414420128,0.03719182312488556,0.03685346618294716,0.037659116089344025,0.037952572107315063,0.03624063357710838,0.03637870401144028,0.03720932826399803,0.03763861581683159,0.03675860911607742,0.03671112284064293,0.03715621307492256
1,1741994448.3655128,4.6137375831604,5.47710657119751,6.648800373077393,7.508078575134277,8.374014854431152,6.446908950805664,6.871033191680908,6.872824668884277,6.832691192626953,5.51555871963501,5.239278316497803,5.1587042808532715,5.386105537414551,4.595187187194824,4.261157035827637,4.431682109832764,4.752946376800537,3.8071796894073486,3.6248269081115723,3.8359086513519287,3.997915744781494,11.184186935424805,10.524100303649902,10.109587669372559,9.445721626281738,9.082965850830078,8.73120403289795,7.634695053100586,6.8311848640441895,6.066551685333252,8.531414031982422,7.727772235870361,8.773921966552734,9.29924201965332,8.47182559967041,7.786779880523682,8.841174125671387,9.286954879760742,8.603684425354004,8.020648956298828,8.716463088989258,9.07297420501709,0.03879895433783531,0.03731469437479973,0.03804853931069374,0.03836324065923691,0.03899456188082695,0.03939671441912651,0.04054788500070572,0.040574610233306885,0.040590036660432816,0.038673803210258484,0.03783233463764191,0.03749415650963783,0.03800427168607712,0.03781221807003021,0.036607541143894196,0.03676776587963104,0.03755475580692291,0.03746028617024422,0.03683297336101532,0.03671112284064293,0.03683513402938843
1,1741994448.4922762,4.704440116882324,5.598456382751465,6.754666328430176,7.592318534851074,8.456347465515137,6.5456414222717285,6.795012474060059,6.816427707672119,6.809998989105225,5.528418064117432,5.280392646789551,5.095673561096191,5.39581823348999,4.698817253112793,4.279016971588135,4.422759532928467,4.770960807800293,3.9108192920684814,3.6547648906707764,3.867403268814087,4.081172943115234,11.323678016662598,10.597905158996582,10.188117027282715,9.540777206420898,9.14564037322998,8.808736801147461,7.579868316650391,6.779156684875488,6.073038101196289,8.525983810424805,7.77001953125,8.68124008178711,9.329227447509766,8.575675010681152,7.768570423126221,8.847585678100586,9.310282707214355,8.744150161743164,8.032565116882324,8.765904426574707,9.18690013885498,0.03922450169920921,0.03763493523001671,0.03842813894152641,0.038777370005846024,0.03937026485800743,0.03975958377122879,0.040113601833581924,0.04023462161421776,0.04048115387558937,0.038745056837797165,0.037854522466659546,0.037064291536808014,0.03805851563811302,0.03830931335687637,0.036493804305791855,0.036710601300001144,0.03766627237200737,0.03803202137351036,0.036790069192647934,0.03667977824807167,0.037242013961076736
1,1741994448.6188676,4.649991512298584,5.464817047119141,6.681082725524902,7.358177661895752,8.386796951293945,6.503203868865967,6.795012474060059,6.816427707672119,6.85410737991333,5.51555871963501,5.183309078216553,5.0444207191467285,5.359581470489502,4.61712121963501,4.279013156890869,4.369088172912598,4.771056652069092,3.8262574672698975,3.6958587169647217,3.867730140686035,4.081457614898682,11.202045440673828,10.454148292541504,10.12429428100586,9.32377815246582,9.111997604370117,8.768545150756836,7.579868316650391,6.779156684875488,6.098416328430176,8.531414031982422,7.7096967697143555,8.655837059020996,9.28238296508789,8.534930229187012,7.8038434982299805,8.790423393249512,9.347177505493164,8.667275428771973,8.165672302246094,8.802082061767578,9.223672866821289,0.0387837216258049,0.03698238730430603,0.038021523505449295,0.037778791040182114,0.03904429078102112,0.03948236256837845,0.040113601833581924,0.04023462161421776,0.040691688656806946,0.038673803210258484,0.03744402527809143,0.03670211136341095,0.037785980850458145,0.03794919326901436,0.036493320018053055,0.03629375249147415,0.03766634315252304,0.03759697824716568,0.037181902676820755,0.036681726574897766,0.03724363073706627
1,1741994448.7462807,4.524259567260742,5.41925048828125,6.625901699066162,7.358177661895752,8.386796951293945,6.489787578582764,6.852443695068359,6.816427707672119,6.85410737991333,5.502857685089111,5.196566104888916,5.054318428039551,5.314601421356201,4.5781025886535645,4.290011882781982,4.386577129364014,4.811963081359863,3.8262574672698975,3.736335515975952,3.8850159645080566,4.0464935302734375,10.993675231933594,10.369074821472168,10.043126106262207,9.32377815246582,9.111997604370117,8.736741065979004,7.640182018280029,6.779156684875488,6.098416328430176,8.53696346282959,7.704317569732666,8.6491117477417,9.20706844329834,8.465476036071777,7.833944320678711,8.81285572052002,9.391020774841309,8.667275428771973,8.173280715942383,8.826672554016113,9.146955490112305,0.03805110603570938,0.03667310252785683,0.03770628198981285,0.037778791040182114,0.03904429078102112,0.03941667079925537,0.040458228439092636,0.04023462161421776,0.040691688656806946,0.03860318660736084,0.03751843795180321,0.03675922006368637,0.03746610879898071,0.037623416632413864,0.036563340574502945,0.03640550374984741,0.03768971934914589,0.03759697824716568,0.03721253573894501,0.03680345416069031,0.036920759826898575
1,1741994448.871466,4.616921424865723,5.4708147048950195,6.69783878326416,7.458224296569824,8.428532600402832,6.489231586456299,6.79420804977417,6.916495323181152,6.9325456619262695,5.605213165283203,5.266876697540283,5.064335823059082,5.305020809173584,4.729001522064209,4.266814708709717,4.359403610229492,4.753515243530273,3.976975917816162,3.7051169872283936,3.8437936305999756,4.11361026763916,11.117103576660156,10.480199813842773,10.142313003540039,9.400544166564941,9.11596965789795,8.774600982666016,7.618130207061768,6.874467849731445,6.15487003326416,8.645584106445312,7.775343894958496,8.642487525939941,9.214051246643066,8.62468147277832,7.769003391265869,8.736839294433594,9.29086971282959,8.8688383102417,8.10732650756836,8.724921226501465,9.237661361694336,0.0384928323328495,0.03701658919453621,0.03810282051563263,0.038097821176052094,0.03905601054430008,0.03941308334469795,0.040108829736709595,0.04059181734919548,0.04094802215695381,0.03903169184923172,0.03777886554598808,0.0368168018758297,0.037412408739328384,0.03826341778039932,0.03633599728345871,0.03615989163517952,0.037258222699165344,0.03833330050110817,0.036894481629133224,0.03642961382865906,0.037213489413261414
1,1741994448.9930415,4.82398796081543,5.651650905609131,6.836520671844482,7.66348123550415,8.42707347869873,6.601963996887207,6.932496547698975,7.039805889129639,6.896124839782715,5.630899906158447,5.308048725128174,5.126072883605957,5.2955641746521,4.721249580383301,4.35400915145874,4.462968349456787,4.811963081359863,3.987002372741699,3.778010845184326,3.9237327575683594,4.198831558227539,11.316145896911621,10.69503116607666,10.235615730285645,9.558036804199219,9.152886390686035,8.884761810302734,7.711798667907715,6.966061115264893,6.179477691650391,8.67248821258545,7.817660331726074,8.730452537536621,9.221146583557129,8.639946937561035,7.906866073608398,8.890742301940918,9.391020774841309,8.864399909973145,8.261320114135742,8.89423942565918,9.35439395904541,0.03924519568681717,0.03772377967834473,0.038454119116067886,0.03875233605504036,0.03904910758137703,0.03984243795275688,0.04064920172095299,0.0410572774708271,0.04070010408759117,0.0391729511320591,0.03780144453048706,0.03702883794903755,0.03735918551683426,0.03844829648733139,0.036822572350502014,0.03673677146434784,0.03768971934914589,0.03840426728129387,0.03734341636300087,0.03690578043460846,0.037627484649419785
1,1741994449.116178,4.9232916831970215,5.538457870483398,6.770797252655029,7.6626386642456055,8.400455474853516,6.587830543518066,6.8961567878723145,6.998526096343994,7.011051177978516,5.592358112335205,5.308048725128174,5.074697494506836,5.295358180999756,4.781552314758301,4.330098628997803,4.426211833953857,4.7709126472473145,3.941805839538574,3.7769317626953125,3.916377305984497,4.198831558227539,11.600375175476074,10.47714614868164,10.16201400756836,9.595118522644043,9.131991386413574,8.890807151794434,7.684019565582275,6.938553333282471,6.251266002655029,8.65111255645752,7.817660331726074,8.669154167175293,9.257303237915039,8.72950267791748,7.840778350830078,8.819931030273438,9.313374519348145,8.829984664916992,8.217123031616211,8.84007453918457,9.35439395904541,0.04004692658782005,0.03698347136378288,0.038089774549007416,0.0387476347386837,0.038944512605667114,0.03977249935269356,0.04047583416104317,0.040861789137125015,0.04120175540447235,0.038960374891757965,0.03780144453048706,0.03666871041059494,0.0373573936522007,0.038672156631946564,0.036591291427612305,0.036430563777685165,0.037365201860666275,0.03798900917172432,0.03724348545074463,0.0367710217833519,0.037627484649419785
1,1741994449.328873,4.6079421043396,5.459338188171387,6.666075229644775,7.497357368469238,8.413057327270508,6.587328910827637,6.972362518310547,7.056680679321289,7.114381313323975,5.604644775390625,5.308048725128174,5.094454765319824,5.477470874786377,4.739999771118164,4.428158283233643,4.512195110321045,4.895298004150391,4.0646538734436035,3.8301496505737305,3.916640043258667,4.2774434089660645,11.215869903564453,10.448110580444336,10.12183666229248,9.477821350097656,9.160880088806152,8.929108619689941,7.818747520446777,7.0322699546813965,6.365554332733154,8.720978736877441,7.817660331726074,8.691267013549805,9.452432632446289,8.693803787231445,7.969805717468262,8.963371276855469,9.551915168762207,9.024944305419922,8.349751472473145,8.876263618469238,9.480100631713867,0.03842896223068237,0.03669233247637749,0.0377175435423851,0.03810159116983414,0.038993507623672485,0.039769165217876434,0.04090869799256325,0.04120836779475212,0.04176698252558708,0.03902730718255043,0.03780144453048706,0.036781519651412964,0.038094136863946915,0.03833109140396118,0.03706349804997444,0.036819152534008026,0.03804460167884827,0.03878375142812729,0.03771909326314926,0.03677254170179367,0.037992462515830994
1,1741994449.446947,4.701944828033447,5.516820430755615,6.737711429595947,7.5687479972839355,8.535491943359375,6.65848970413208,6.8860273361206055,6.992094039916992,7.009124755859375,5.617076396942139,5.195165634155273,5.105799674987793,5.524661540985107,4.781311511993408,4.412372589111328,4.510136604309082,4.929574012756348,3.9768033027648926,3.778937816619873,3.959256887435913,4.199511528015137,11.342339515686035,10.585573196411133,10.25843334197998,9.580314636230469,9.350488662719727,9.0364990234375,7.784036159515381,7.03893518447876,6.312260150909424,8.753162384033203,7.81175422668457,8.818877220153809,9.568883895874023,8.804571151733398,8.06707763671875,9.065848350524902,9.64067268371582,8.980853080749512,8.38304328918457,9.01729965209961,9.428963661193848,0.038876309990882874,0.037067655473947525,0.03810989856719971,0.03845721855759621,0.03957345709204674,0.04018678888678551,0.04061659052968025,0.04102062061429024,0.041385017335414886,0.039095569401979446,0.03750885650515556,0.037119779735803604,0.038424644619226456,0.038670025765895844,0.037274301052093506,0.03710922226309776,0.0383278988301754,0.038332439959049225,0.0376148447394371,0.03715527057647705,0.03763135150074959
